Jurisdictions,Effective Date,Valid Through Date,pmp2012,share-disreprot,share-disreport,reportable-drugs_State Schedule I,reportable-drugsState Schedule II,reportable-drugsState Schedule III,reportable-drugsState Schedule IV,reportable-drugsState Schedule V,reportable-drugs_Federal Schedule I,reportable-drugs_Federal Schedule II,reportable-drugs_Federal Schedule III,reportable-drugs_Federal Schedule IV,reportable-drugs_Federal Schedule V,reportable-drugs_Reportable Drugs Not Specified,must-access,prescriber-freq,share-dispecheck,dispenser-freq,share-stateagen,share-insurance,state-share,share-provision_Receiving state must allow reciprocity with this state,share-provision_Must have bilateral memorandum of understanding or data sharing agreement,share-provision_Only if other state has PDMP laws consistent with or similar to this state,share-provision_Physically bordering states only or higher priority,share-provision_None of the above restrictions
Alabama,8/1/2004,3/24/2005,1,1,7,0,1,1,1,1,0,0,0,0,0,0,0,.,0,.,0,0,0,.,.,.,.,.
Alabama,3/25/2005,11/23/2005,1,1,7,0,1,1,1,1,0,0,0,0,0,0,0,.,0,.,0,0,0,.,.,.,.,.
Alabama,11/24/2005,3/23/2006,1,1,5,0,1,1,1,1,0,0,0,0,0,0,0,.,0,.,0,0,0,.,.,.,.,.
Alabama,3/24/2006,8/22/2007,1,1,3,0,1,1,1,1,0,0,0,0,0,0,0,.,0,.,0,0,0,.,.,.,.,.
Alabama,8/23/2007,12/17/2007,1,1,3,0,1,1,1,1,0,0,0,0,0,0,0,.,0,.,0,0,0,.,.,.,.,.
Alabama,12/18/2007,9/30/2009,1,1,3,0,1,1,1,1,0,0,0,0,0,0,0,.,0,.,0,0,0,.,.,.,.,.
Alabama,10/1/2009,3/23/2010,1,1,3,0,1,1,1,1,0,0,0,0,0,0,0,.,0,.,0,0,0,.,.,.,.,.
Alabama,3/24/2010,6/30/2010,1,1,3,0,1,1,1,1,0,0,0,0,0,0,0,.,0,.,0,0,0,.,.,.,.,.
Alabama,7/1/2010,5/7/2013,1,1,3,0,1,1,1,1,0,0,0,0,0,0,0,.,0,.,0,0,1,1,0,0,0,0
Alabama,5/8/2013,7/31/2013,1,1,3,0,1,1,1,1,0,0,0,0,0,0,0,.,0,.,0,0,1,1,0,0,0,0
Alabama,8/1/2013,12/18/2013,1,1,3,0,1,1,1,1,0,0,0,0,0,0,0,.,0,.,0,0,1,1,0,0,0,0
Alabama,12/19/2013,4/7/2014,1,1,3,0,1,1,1,1,0,0,0,0,0,0,0,.,0,.,0,0,1,1,0,0,0,0
Alabama,4/8/2014,11/23/2014,1,1,3,0,1,1,1,1,0,0,0,0,0,0,0,.,0,.,0,0,1,1,0,0,0,0
Alabama,11/24/2014,5/17/2015,1,1,1,0,1,1,1,1,0,0,0,0,0,0,0,.,0,.,1,0,1,1,0,0,0,0
Alabama,5/18/2015,7/1/2016,1,1,1,0,1,1,1,1,0,0,0,0,0,0,0,.,0,.,1,0,1,1,0,0,0,0
Alaska,9/7/2008,12/28/2011,1,1,7,1,1,1,1,1,1,1,1,1,1,0,0,.,0,.,0,0,0,0,0,0,0,0
Alaska,12/29/2011,11/15/2012,1,1,5,1,1,1,1,1,1,1,1,1,1,0,0,.,0,.,0,0,0,.,.,.,.,.
Alaska,11/16/2012,7/1/2016,1,1,5,1,1,1,1,1,1,1,1,1,1,0,0,.,0,.,0,0,0,.,.,.,.,.
Arizona,9/19/2007,10/3/2008,1,1,3,0,1,1,1,0,0,0,0,0,0,0,0,.,0,.,0,0,1,0,1,0,0,0
Arizona,10/4/2008,7/19/2011,1,1,3,0,1,1,1,0,0,0,0,0,0,0,0,.,0,.,0,0,1,0,1,0,0,0
Arizona,7/20/2011,7/1/2012,1,1,3,0,1,1,1,0,0,0,0,0,0,0,0,.,0,.,0,0,1,0,1,0,0,0
Arizona,7/2/2012,8/1/2012,1,1,3,0,1,1,1,0,0,0,0,0,0,0,0,.,0,.,0,0,1,0,1,0,0,0
Arizona,8/2/2012,12/31/2012,1,1,3,0,1,1,1,0,0,0,0,0,0,0,0,.,0,.,0,0,1,0,1,0,0,0
Arizona,1/1/2013,3/9/2013,1,1,3,0,1,1,1,0,0,0,0,0,0,0,0,.,0,.,0,0,1,0,1,0,0,0
Arizona,3/10/2013,7/2/2013,1,1,3,0,1,1,1,0,0,0,0,0,0,0,0,.,0,.,0,0,1,0,1,0,0,0
Arizona,7/3/2013,8/29/2013,1,1,3,0,1,1,1,0,0,0,0,0,0,0,0,.,0,.,0,0,1,0,1,0,0,0
Arizona,8/30/2013,7/22/2014,1,1,3,0,1,1,1,0,0,0,0,0,0,0,0,.,0,.,0,0,1,0,1,0,0,0
Arizona,7/23/2014,8/1/2014,1,1,1,0,1,1,1,0,0,0,0,0,0,0,0,.,0,.,0,0,1,0,1,0,0,0
Arizona,8/2/2014,6/30/2015,1,1,1,0,1,1,1,0,0,0,0,0,0,0,0,.,0,.,0,0,1,0,1,0,0,0
Arizona,7/1/2015,12/31/2015,1,1,1,0,1,1,1,0,0,0,0,0,0,0,0,.,0,.,0,0,1,0,1,0,0,0
Arizona,1/1/2016,7/1/2016,1,1,1,0,1,1,1,0,0,0,0,0,0,0,0,.,0,.,0,0,1,0,1,0,0,0
Arkansas,7/27/2011,2/28/2013,1,1,7,0,1,1,1,1,0,0,0,0,0,0,0,.,0,.,0,0,1,0,0,0,0,1
Arkansas,3/1/2013,8/15/2013,1,1,3,0,1,1,1,1,0,0,0,0,0,0,0,.,0,.,0,0,1,0,0,0,0,1
Arkansas,8/16/2013,7/21/2015,1,1,3,0,1,1,1,1,0,0,0,0,0,0,0,.,0,.,0,0,1,0,0,0,0,1
Arkansas,7/22/2015,2/29/2016,1,1,3,0,1,1,1,1,0,0,0,0,0,0,0,.,0,.,0,0,1,0,0,0,0,1
Arkansas,3/1/2016,7/1/2016,1,1,3,0,1,1,1,1,0,0,0,0,0,0,0,.,0,.,0,0,1,0,0,0,0,1
California,1/1/1998,12/31/1999,1,0,.,0,0,0,0,0,0,1,0,0,0,0,0,.,0,.,0,0,0,.,.,.,.,.
California,1/1/2000,12/31/2000,1,0,.,0,0,0,0,0,0,1,0,0,0,0,0,.,0,.,0,0,0,.,.,.,.,.
California,1/1/2001,12/31/2002,1,0,.,0,0,0,0,0,0,1,0,0,0,0,0,.,0,.,0,0,0,.,.,.,.,.
California,1/1/2003,12/31/2003,1,0,.,0,0,0,0,0,0,1,0,0,0,0,0,.,0,.,0,0,0,.,.,.,.,.
California,1/1/2004,12/31/2004,1,1,7,0,0,0,0,0,0,1,1,0,0,0,0,.,0,.,0,0,0,.,.,.,.,.
California,1/1/2005,10/3/2005,1,1,7,0,0,0,0,0,0,1,1,0,0,0,0,.,0,.,0,0,0,.,.,.,.,.
California,10/4/2005,12/31/2006,1,1,3,0,0,0,0,0,0,1,1,0,0,0,0,.,0,.,0,0,0,.,.,.,.,.
California,1/1/2007,12/31/2009,1,1,3,0,0,0,0,0,0,1,1,0,0,0,0,.,0,.,0,0,0,.,.,.,.,.
California,1/1/2010,12/31/2011,1,1,3,0,0,0,0,0,0,1,1,1,0,0,0,.,0,.,0,0,0,.,.,.,.,.
California,1/1/2012,12/31/2013,1,1,3,0,0,0,0,0,0,1,1,1,0,0,0,.,0,.,0,0,0,.,.,.,.,.
California,1/1/2014,12/31/2014,1,1,3,0,0,0,0,0,0,1,1,1,0,0,0,.,0,.,0,0,0,.,.,.,.,.
California,1/1/2015,10/10/2015,1,1,3,0,0,0,0,0,0,1,1,1,0,0,0,.,0,.,0,0,0,.,.,.,.,.
California,10/11/2015,7/1/2016,1,1,3,0,0,0,0,0,0,1,1,1,0,0,0,.,0,.,0,0,0,.,.,.,.,.
Colorado,6/3/2005,5/21/2007,1,0,.,0,1,1,1,1,0,0,0,0,0,0,0,.,0,.,0,0,0,.,.,.,.,.
Colorado,5/22/2007,6/29/2008,1,0,.,0,1,1,1,1,0,0,0,0,0,0,0,.,0,.,0,0,0,.,.,.,.,.
Colorado,6/30/2008,6/30/2010,1,1,4,0,1,1,1,1,0,0,0,0,0,0,0,.,0,.,0,0,0,.,.,.,.,.
Colorado,7/1/2010,6/30/2011,1,1,4,0,1,1,1,1,0,0,0,0,0,0,0,.,0,.,0,0,0,.,.,.,.,.
Colorado,7/1/2011,4/13/2012,1,1,4,0,1,1,1,1,0,0,0,0,0,0,0,.,0,.,0,0,0,.,.,.,.,.
Colorado,4/14/2012,6/30/2012,1,1,4,0,1,1,1,1,0,0,0,0,0,0,0,.,0,.,0,0,0,.,.,.,.,.
Colorado,7/1/2012,12/31/2012,1,1,4,0,1,1,1,1,0,0,0,0,0,0,0,.,0,.,0,0,0,.,.,.,.,.
Colorado,1/1/2013,9/13/2013,1,1,4,0,1,1,1,1,0,0,0,0,0,0,0,.,0,.,0,0,0,.,.,.,.,.
Colorado,9/14/2013,5/20/2014,1,1,4,0,1,1,1,1,0,0,0,0,0,0,0,.,0,.,0,0,0,.,.,.,.,.
Colorado,5/21/2014,5/30/2014,1,1,4,0,1,1,1,1,0,0,0,0,0,0,0,.,0,.,0,0,0,.,.,.,.,.
Colorado,5/31/2014,10/14/2014,1,1,4,0,1,1,1,1,0,0,0,0,0,0,0,.,0,.,0,0,0,.,.,.,.,.
Colorado,10/15/2014,9/13/2015,1,1,1,0,1,1,1,1,0,0,0,0,0,0,0,.,0,.,0,0,0,.,.,.,.,.
Colorado,9/14/2015,7/1/2016,1,1,1,0,1,1,1,1,0,0,0,0,0,0,0,.,0,.,0,0,0,.,.,.,.,.
Connecticut,10/1/2006,7/31/2007,1,1,4,0,1,1,1,1,0,0,0,0,0,0,0,.,0,.,0,0,0,.,.,.,.,.
Connecticut,8/1/2007,9/30/2007,1,1,4,0,1,1,1,1,0,0,0,0,0,0,0,.,0,.,0,0,0,.,.,.,.,.
Connecticut,10/1/2007,6/30/2009,1,1,4,0,1,1,1,1,0,0,0,0,0,0,0,.,0,.,0,0,0,.,.,.,.,.
Connecticut,7/1/2009,5/9/2010,1,1,4,0,1,1,1,1,0,0,0,0,0,0,0,.,0,.,0,0,0,.,.,.,.,.
Connecticut,5/10/2010,5/30/2012,1,1,4,0,1,1,1,1,0,0,0,0,0,0,0,.,0,.,0,0,0,.,.,.,.,.
Connecticut,5/31/2012,5/31/2013,1,1,4,0,1,1,1,1,0,0,0,0,0,0,0,.,0,.,0,0,0,.,.,.,.,.
Connecticut,6/1/2013,6/20/2013,1,1,3,0,1,1,1,1,0,0,0,0,0,0,0,.,0,.,0,0,0,.,.,.,.,.
Connecticut,6/21/2013,9/30/2013,1,1,3,0,1,1,1,1,0,0,0,0,0,0,0,.,0,.,0,0,0,.,.,.,.,.
Connecticut,10/1/2013,6/30/2015,1,1,3,0,1,1,1,1,0,0,0,0,0,0,0,.,0,.,0,0,0,.,.,.,.,.
Connecticut,7/1/2015,9/30/2015,1,1,3,0,1,1,1,1,0,0,0,0,0,0,0,.,0,.,0,0,0,.,.,.,.,.
Connecticut,10/1/2015,6/30/2016,1,1,3,0,1,1,1,1,0,0,0,0,0,0,1,0,0,.,0,0,0,.,.,.,.,.
Connecticut,7/1/2016,7/1/2016,1,1,2,0,1,1,1,1,0,0,0,0,0,0,1,0,0,.,0,0,0,.,.,.,.,.
Delaware,1/1/2011,7/2/2013,1,1,7,0,1,1,1,1,0,0,0,0,0,0,0,.,0,.,1,0,0,0,0,0,0,0
Delaware,7/3/2013,2/28/2014,1,1,7,0,1,1,1,1,0,0,0,0,0,0,0,.,0,.,1,0,0,.,.,.,.,.
Delaware,3/1/2014,7/1/2016,1,1,7,0,1,1,1,1,0,0,0,0,0,0,0,.,0,.,1,0,0,.,.,.,.,.
District of Columbia,1/1/2001,2/21/2014,0,.,.,.,.,.,.,.,.,.,.,.,.,.,.,.,.,.,.,.,.,.,.,.,.,.
District of Columbia,2/22/2014,12/10/2015,1,1,1,0,0,0,0,0,0,1,1,1,1,0,0,.,0,.,1,0,1,1,1,0,0,0
District of Columbia,12/11/2015,7/1/2016,1,1,1,0,0,0,0,0,0,1,1,1,1,0,0,.,0,.,1,0,1,1,1,1,0,0
Florida,7/1/2009,6/30/2010,1,1,4,0,1,1,1,0,0,0,0,0,0,0,0,.,0,.,0,0,0,.,.,.,.,.
Florida,7/1/2010,9/30/2010,1,1,4,0,1,1,1,0,0,0,0,0,0,0,0,.,0,.,0,0,0,.,.,.,.,.
Florida,10/1/2010,6/30/2011,1,1,4,0,1,1,1,0,0,0,0,0,0,0,0,.,0,.,0,0,0,.,.,.,.,.
Florida,7/1/2011,7/5/2011,1,1,3,0,1,1,1,0,0,0,0,0,0,0,0,.,0,.,0,0,0,.,.,.,.,.
Florida,7/6/2011,11/23/2011,1,1,3,0,1,1,1,0,0,0,0,0,0,0,0,.,0,.,0,0,0,.,.,.,.,.
Florida,11/24/2011,2/19/2012,1,1,3,0,1,1,1,0,0,0,0,0,0,0,0,.,0,.,0,0,0,.,.,.,.,.
Florida,2/20/2012,3/22/2012,1,1,3,0,1,1,1,0,0,0,0,0,0,0,0,.,0,.,0,0,0,.,.,.,.,.
Florida,3/23/2012,5/7/2012,1,1,3,0,1,1,1,0,0,0,0,0,0,0,0,.,0,.,0,0,0,.,.,.,.,.
Florida,5/8/2012,5/20/2012,1,1,3,0,1,1,1,0,0,0,0,0,0,0,0,.,0,.,0,0,0,.,.,.,.,.
Florida,5/21/2012,4/23/2013,1,1,3,0,1,1,1,0,0,0,0,0,0,0,0,.,0,.,0,0,0,.,.,.,.,.
Florida,4/24/2013,6/30/2013,1,1,3,0,1,1,1,0,0,0,0,0,0,0,0,.,0,.,0,0,0,.,.,.,.,.
Florida,7/1/2013,7/1/2013,1,1,3,0,1,1,1,0,0,0,0,0,0,0,0,.,0,.,0,0,0,.,.,.,.,.
Florida,7/2/2013,3/1/2014,1,1,3,0,1,1,1,0,0,0,0,0,0,0,0,.,0,.,0,0,0,.,.,.,.,.
Florida,3/2/2014,6/12/2014,1,1,3,0,1,1,1,0,0,0,0,0,0,0,0,.,0,.,0,0,0,.,.,.,.,.
Florida,6/13/2014,6/15/2014,1,1,3,0,1,1,1,0,0,0,0,0,0,0,0,.,0,.,0,0,0,.,.,.,.,.
Florida,6/16/2014,6/30/2014,1,1,3,0,1,1,1,0,0,0,0,0,0,0,0,.,0,.,0,0,0,.,.,.,.,.
Florida,7/1/2014,9/30/2014,1,1,3,0,1,1,1,0,0,0,0,0,0,0,0,.,0,.,0,0,0,.,.,.,.,.
Florida,10/1/2014,5/13/2015,1,1,3,0,1,1,1,0,0,0,0,0,0,0,0,.,0,.,0,0,0,.,.,.,.,.
Florida,5/14/2015,6/30/2015,1,1,3,0,1,1,1,0,0,0,0,0,0,0,0,.,0,.,0,0,0,.,.,.,.,.
Florida,7/1/2015,10/20/2015,1,1,3,0,1,1,1,0,0,0,0,0,0,0,0,.,0,.,0,0,0,.,.,.,.,.
Florida,10/21/2015,2/16/2016,1,1,3,0,1,1,1,0,0,0,0,0,0,0,0,.,0,.,0,0,0,.,.,.,.,.
Florida,2/17/2016,4/13/2016,1,1,3,0,1,1,1,0,0,0,0,0,0,0,0,.,0,.,0,0,0,.,.,.,.,.
Florida,4/14/2016,6/30/2016,1,1,3,0,1,1,1,0,0,0,0,0,0,0,0,.,0,.,0,0,0,.,.,.,.,.
Florida,7/1/2016,7/1/2016,1,1,3,0,1,1,1,0,0,0,0,0,0,0,0,.,0,.,0,0,0,.,.,.,.,.
Georgia,7/1/2011,3/26/2012,1,1,3,0,0,0,0,0,0,1,1,1,1,0,0,.,0,.,1,0,0,.,.,.,.,.
Georgia,3/27/2012,6/30/2013,1,1,3,0,0,0,0,0,0,1,1,1,1,0,0,.,0,.,1,0,0,.,.,.,.,.
Georgia,7/1/2013,4/28/2014,1,1,3,0,0,0,0,0,0,1,1,1,1,0,0,.,0,.,1,0,0,.,.,.,.,.
Georgia,4/29/2014,6/30/2014,1,1,3,0,0,0,0,0,0,1,1,1,1,0,0,.,0,.,1,0,0,.,.,.,.,.
Georgia,7/1/2014,7/12/2014,1,1,3,0,0,0,0,0,0,1,1,1,1,0,0,.,0,.,1,0,0,.,.,.,.,.
Georgia,7/13/2014,3/12/2015,1,1,3,0,0,0,0,0,0,1,1,1,1,0,0,.,0,.,1,0,0,.,.,.,.,.
Georgia,3/13/2015,6/30/2015,1,1,3,0,0,0,0,0,0,1,1,1,1,0,0,.,0,.,1,0,0,.,.,.,.,.
Georgia,7/1/2015,6/30/2016,1,1,3,0,0,0,0,0,0,1,1,1,1,0,0,.,0,.,1,0,0,.,.,.,.,.
Georgia,7/1/2016,7/1/2016,1,1,3,0,0,0,0,0,0,1,1,1,1,0,0,.,0,.,1,0,0,.,.,.,.,.
Hawaii,1/1/1998,6/22/1999,1,1,3,0,1,1,1,1,0,0,0,0,0,0,0,.,0,.,0,0,0,.,.,.,.,.
Hawaii,6/23/1999,6/30/1999,1,1,3,0,1,1,1,1,0,0,0,0,0,0,0,.,0,.,0,0,0,.,.,.,.,.
Hawaii,7/1/1999,7/1/1999,1,1,3,0,1,1,1,1,0,0,0,0,0,0,0,.,0,.,0,0,0,.,.,.,.,.
Hawaii,7/2/1999,4/14/2000,1,1,3,0,1,1,1,1,0,0,0,0,0,0,0,.,0,.,0,0,0,.,.,.,.,.
Hawaii,4/15/2000,5/15/2000,1,1,3,0,1,1,1,1,0,0,0,0,0,0,0,.,0,.,0,0,0,.,.,.,.,.
Hawaii,5/16/2000,5/24/2001,1,1,3,0,1,1,1,1,0,0,0,0,0,0,0,.,0,.,0,0,0,.,.,.,.,.
Hawaii,5/25/2001,5/30/2001,1,1,3,0,1,1,1,1,0,0,0,0,0,0,0,.,0,.,0,0,0,.,.,.,.,.
Hawaii,5/31/2001,6/17/2002,1,1,3,0,1,1,1,1,0,0,0,0,0,0,0,.,0,.,0,0,0,.,.,.,.,.
Hawaii,6/18/2002,6/3/2003,1,1,3,0,1,1,1,1,0,0,0,0,0,0,0,.,0,.,0,0,0,.,.,.,.,.
Hawaii,6/4/2003,6/30/2004,1,1,3,0,1,1,1,1,0,0,0,0,0,0,0,.,0,.,0,0,0,.,.,.,.,.
Hawaii,7/1/2004,7/8/2004,1,1,3,0,1,1,1,1,0,0,0,0,0,0,0,.,0,.,0,0,0,.,.,.,.,.
Hawaii,7/9/2004,5/1/2006,1,1,3,0,1,1,1,1,0,0,0,0,0,0,0,.,0,.,0,0,0,.,.,.,.,.
Hawaii,5/2/2006,4/2/2008,1,1,3,0,1,1,1,1,0,0,0,0,0,0,0,.,0,.,0,0,1,0,0,0,0,1
Hawaii,4/3/2008,5/27/2008,1,1,3,0,1,1,1,1,0,0,0,0,0,0,0,.,0,.,0,0,1,0,0,0,0,1
Hawaii,5/28/2008,6/30/2008,1,1,3,0,1,1,1,1,0,0,0,0,0,0,0,.,0,.,0,0,1,0,0,0,0,1
Hawaii,7/1/2008,6/11/2009,1,1,3,0,1,1,1,1,0,0,0,0,0,0,0,.,0,.,0,0,1,0,0,0,0,1
Hawaii,6/12/2009,7/1/2009,1,1,3,0,1,1,1,1,0,0,0,0,0,0,0,.,0,.,0,0,1,0,0,0,0,1
Hawaii,7/2/2009,4/23/2010,1,1,3,0,1,1,1,1,0,0,0,0,0,0,0,.,0,.,0,0,1,0,0,0,0,1
Hawaii,4/24/2010,5/18/2010,1,1,3,0,1,1,1,1,0,0,0,0,0,0,0,.,0,.,0,0,1,0,0,0,0,1
Hawaii,5/19/2010,6/30/2011,1,1,3,0,1,1,1,1,0,0,0,0,0,0,0,.,0,.,0,0,1,0,0,0,0,1
Hawaii,7/1/2011,4/17/2013,1,1,3,0,1,1,1,1,0,0,0,0,0,0,0,.,0,.,0,0,1,0,0,0,0,1
Hawaii,4/18/2013,4/22/2013,1,1,3,0,1,1,1,1,0,0,0,0,0,0,0,.,0,.,0,0,1,0,0,0,0,1
Hawaii,4/23/2013,4/27/2014,1,1,3,0,1,1,1,1,0,0,0,0,0,0,0,.,0,.,0,0,1,0,0,0,0,1
Hawaii,4/28/2014,12/31/2014,1,1,3,0,1,1,1,1,0,0,0,0,0,0,0,.,0,.,0,0,1,0,0,0,0,1
Hawaii,1/1/2015,6/30/2015,1,1,3,0,1,1,1,1,0,0,0,0,0,0,0,.,0,.,0,0,1,0,0,0,0,1
Hawaii,7/1/2015,6/5/2016,1,1,3,0,1,1,1,1,0,0,0,0,0,0,0,.,0,.,0,0,1,0,0,0,0,1
Hawaii,6/6/2016,6/30/2016,1,1,3,0,1,1,1,1,0,0,0,0,0,0,0,.,0,.,0,0,1,0,0,0,0,1
Hawaii,7/1/2016,7/1/2016,1,1,3,0,1,1,1,1,0,0,0,0,0,0,0,.,0,.,0,0,1,0,0,0,0,1
Idaho,4/4/2000,6/30/2000,1,1,5,0,1,1,1,1,0,0,0,0,0,0,0,.,0,.,1,0,0,.,.,.,.,.
Idaho,7/1/2000,6/30/2001,1,1,5,0,1,1,1,1,0,0,0,0,0,0,0,.,0,.,1,0,0,.,.,.,.,.
Idaho,7/1/2001,6/30/2006,1,1,5,0,1,1,1,1,0,0,0,0,0,0,0,.,0,.,1,0,0,.,.,.,.,.
Idaho,7/1/2006,6/30/2007,1,1,5,0,1,1,1,1,0,0,0,0,0,0,0,.,0,.,1,0,0,.,.,.,.,.
Idaho,7/1/2007,4/1/2008,1,1,5,0,1,1,1,1,0,0,0,0,0,0,0,.,0,.,1,0,0,.,.,.,.,.
Idaho,4/2/2008,6/30/2008,1,1,5,0,1,1,1,1,0,0,0,0,0,0,0,.,0,.,1,0,0,.,.,.,.,.
Idaho,7/1/2008,5/7/2009,1,1,5,0,1,1,1,1,0,0,0,0,0,0,0,.,0,.,1,0,0,.,.,.,.,.
Idaho,5/8/2009,6/30/2010,1,1,5,0,1,1,1,1,0,0,0,0,0,0,0,.,0,.,1,0,0,.,.,.,.,.
Idaho,7/1/2010,4/6/2011,1,1,3,0,1,1,1,1,0,0,0,0,0,0,0,.,0,.,1,0,0,.,.,.,.,.
Idaho,4/7/2011,3/20/2012,1,1,3,0,1,1,1,1,0,0,0,0,0,0,0,.,0,.,1,0,0,.,.,.,.,.
Idaho,3/21/2012,6/30/2012,1,1,3,0,1,1,1,1,0,0,0,0,0,0,0,.,0,.,1,0,0,.,.,.,.,.
Idaho,7/1/2012,4/3/2013,1,1,3,0,1,1,1,1,0,0,0,0,0,0,0,.,0,.,1,0,0,.,.,.,.,.
Idaho,4/4/2013,6/30/2013,1,1,3,0,1,1,1,1,0,0,0,0,0,0,0,.,0,.,1,0,0,.,.,.,.,.
Idaho,7/1/2013,6/30/2014,1,1,3,0,1,1,1,1,0,0,0,0,0,0,0,.,0,.,1,0,0,.,.,.,.,.
Idaho,7/1/2014,6/30/2015,1,1,3,0,1,1,1,1,0,0,0,0,0,0,0,.,0,.,1,0,0,.,.,.,.,.
Idaho,7/1/2015,6/30/2016,1,1,3,0,1,1,1,1,0,0,0,0,0,0,0,.,0,.,1,0,0,.,.,.,.,.
Idaho,7/1/2016,7/1/2016,1,1,3,0,1,1,1,1,0,0,0,0,0,0,0,.,0,.,1,0,0,.,.,.,.,.
Illinois,4/1/2000,6/1/2000,1,1,4,0,1,0,0,0,0,0,0,0,0,0,0,.,0,.,0,0,0,.,.,.,.,.
Illinois,6/2/2000,3/3/2002,1,1,4,0,1,0,0,0,0,0,0,0,0,0,0,.,0,.,0,0,0,.,.,.,.,.
Illinois,3/4/2002,12/31/2007,1,1,4,0,1,0,0,0,0,0,0,0,0,0,0,.,0,.,0,0,0,.,.,.,.,.
Illinois,1/1/2008,12/8/2009,1,1,4,0,1,0,0,0,0,0,0,0,0,0,0,.,0,.,0,0,0,.,.,.,.,.
Illinois,12/9/2009,12/31/2011,1,1,3,0,1,1,1,1,0,0,0,0,0,0,0,.,0,.,0,0,1,1,1,1,0,0
Illinois,1/1/2012,7/12/2012,1,1,3,0,1,1,1,1,0,0,0,0,0,0,0,.,0,.,0,0,1,1,1,1,0,0
Illinois,7/13/2012,4/21/2015,1,1,3,0,1,1,1,1,0,0,0,0,0,0,0,.,0,.,0,0,1,1,1,1,0,0
Illinois,4/22/2015,9/8/2015,1,1,3,0,1,1,1,1,0,0,0,0,0,0,0,.,0,.,0,0,1,1,1,1,0,0
Illinois,9/9/2015,2/28/2016,1,1,2,0,1,1,1,1,0,0,0,0,0,0,0,.,0,.,0,0,1,1,1,1,0,0
Illinois,2/29/2016,7/1/2016,1,1,2,0,1,1,1,1,0,0,0,0,0,0,0,.,0,.,0,0,1,1,1,1,0,0
Indiana,1/1/1998,6/30/1999,1,1,4,0,1,0,0,0,0,0,0,0,0,0,0,.,0,.,0,0,0,0,0,0,0,0
Indiana,7/1/1999,6/30/2003,1,1,4,0,1,0,0,0,0,0,0,0,0,0,0,.,0,.,0,0,0,0,0,0,0,0
Indiana,7/1/2003,4/15/2004,1,1,4,0,1,0,0,0,0,0,0,0,0,0,0,.,0,.,0,0,0,0,0,0,0,0
Indiana,4/16/2004,6/30/2005,1,1,4,0,1,1,1,1,0,0,0,0,0,0,0,.,0,.,0,0,0,0,0,0,0,0
Indiana,7/1/2005,3/19/2006,1,1,4,0,1,1,1,1,0,0,0,0,0,0,0,.,0,.,0,0,0,0,0,0,0,0
Indiana,3/20/2006,3/23/2006,1,1,4,0,1,1,1,1,0,0,0,0,0,0,0,.,0,.,0,0,0,0,0,0,0,0
Indiana,3/24/2006,6/30/2006,1,1,4,0,1,1,1,1,0,0,0,0,0,0,0,.,0,.,0,0,0,.,.,.,.,.
Indiana,7/1/2006,6/30/2007,1,1,4,0,1,1,1,1,0,0,0,0,0,0,0,.,0,.,0,0,0,0,0,0,0,0
Indiana,7/1/2007,3/12/2008,1,1,3,0,1,1,1,1,0,0,0,0,0,0,0,.,0,.,0,0,1,0,1,0,0,0
Indiana,3/13/2008,12/31/2008,1,1,3,0,1,1,1,1,0,0,0,0,0,0,0,.,0,.,0,0,1,0,1,0,0,0
Indiana,1/1/2009,6/30/2009,1,1,3,0,1,1,1,1,0,0,0,0,0,0,0,.,0,.,0,0,1,0,1,0,0,0
Indiana,7/1/2009,6/30/2010,1,1,3,0,1,1,1,1,0,0,0,0,0,0,0,.,0,.,0,0,1,0,1,0,0,0
Indiana,7/1/2010,4/19/2011,1,1,3,0,1,1,1,1,0,0,0,0,0,0,0,.,0,.,1,0,1,0,1,0,0,0
Indiana,4/20/2011,6/30/2012,1,1,3,0,1,1,1,1,0,0,0,0,0,0,0,.,0,.,1,0,1,0,1,0,0,0
Indiana,7/1/2012,6/30/2013,1,1,3,0,1,1,1,1,0,0,0,0,0,0,0,.,0,.,1,0,1,0,1,0,0,0
Indiana,7/1/2013,3/24/2014,1,1,3,0,1,1,1,1,0,0,0,0,0,0,0,.,0,.,1,0,1,0,1,0,0,0
Indiana,3/25/2014,6/30/2014,1,1,3,0,1,1,1,1,0,0,0,0,0,0,0,.,0,.,1,0,1,0,1,0,0,0
Indiana,7/1/2014,5/3/2015,1,1,3,0,1,1,1,1,0,0,0,0,0,0,1,0,0,.,1,0,1,0,1,0,0,0
Indiana,5/4/2015,6/30/2015,1,1,3,0,1,1,1,1,0,0,0,0,0,0,1,0,0,.,1,0,1,0,1,0,0,0
Indiana,7/1/2015,12/31/2015,1,1,2,0,1,1,1,1,0,0,0,0,0,0,1,0,0,.,1,0,1,0,1,0,0,0
Indiana,1/1/2016,6/30/2016,1,1,1,0,1,1,1,1,0,0,0,0,0,0,1,0,0,.,1,0,1,0,1,0,0,0
Indiana,7/1/2016,7/1/2016,1,1,1,0,1,1,1,1,0,0,0,0,0,0,1,0,0,.,1,0,1,0,1,0,0,0
Iowa,5/31/2006,6/30/2007,1,1,7,0,1,1,1,0,0,0,0,0,0,0,0,.,0,.,0,0,0,.,.,.,.,.
Iowa,7/1/2007,6/30/2008,1,1,7,0,1,1,1,0,0,0,0,0,0,0,0,.,0,.,0,0,0,.,.,.,.,.
Iowa,7/1/2008,8/4/2009,1,1,7,0,1,1,1,0,0,0,0,0,0,0,0,.,0,.,0,0,0,.,.,.,.,.
Iowa,8/5/2009,6/30/2011,1,1,4,0,1,1,1,0,1,1,1,1,1,0,0,.,0,.,0,0,0,.,.,.,.,.
Iowa,7/1/2011,6/30/2012,1,1,4,0,1,1,1,0,1,1,1,1,1,0,0,.,0,.,0,0,0,.,.,.,.,.
Iowa,7/1/2012,12/31/2012,1,1,4,0,1,1,1,0,1,1,1,1,1,0,0,.,0,.,0,0,0,.,.,.,.,.
Iowa,1/1/2013,6/30/2014,1,1,3,0,1,1,1,0,1,1,1,1,1,0,0,.,0,.,0,0,0,.,.,.,.,.
Iowa,7/1/2014,6/30/2016,1,1,3,0,1,1,1,0,1,1,1,1,1,0,0,.,0,.,0,0,1,1,1,0,1,0
Iowa,7/1/2016,7/1/2016,1,1,3,0,1,1,1,0,1,1,1,1,1,0,0,.,0,.,0,0,1,1,1,0,1,0
Kansas,7/1/2008,6/30/2009,1,1,7,0,1,1,1,0,1,1,1,1,1,0,0,.,0,.,1,0,0,.,.,.,.,.
Kansas,7/1/2009,10/14/2010,1,1,7,0,1,1,1,0,1,1,1,1,1,0,0,.,0,.,1,0,0,.,.,.,.,.
Kansas,10/15/2010,4/14/2011,1,1,3,0,1,1,1,0,1,1,1,1,1,0,0,.,0,.,1,0,1,1,1,1,1,0
Kansas,4/15/2011,5/16/2012,1,1,3,0,1,1,1,0,1,1,1,1,1,0,0,.,0,.,1,0,1,1,1,1,1,0
Kansas,5/17/2012,12/31/2012,1,1,3,0,1,1,1,0,1,1,1,1,1,0,0,.,0,.,1,0,1,1,1,1,1,0
Kansas,1/1/2013,8/12/2014,1,1,1,0,1,1,1,0,1,1,1,1,1,0,0,.,0,.,1,0,1,1,1,1,1,0
Kansas,8/13/2014,2/3/2015,1,1,1,0,1,1,1,0,1,1,1,1,1,0,0,.,0,.,1,0,1,1,1,1,1,0
Kansas,2/4/2015,7/1/2016,1,1,1,0,1,1,1,0,1,1,1,1,1,0,0,.,0,.,1,0,1,1,1,1,1,0
Kentucky,7/15/1998,12/15/1998,1,1,7,0,1,1,1,1,0,0,0,0,0,0,0,.,0,.,1,0,0,.,.,.,.,.
Kentucky,12/16/1998,4/8/2002,1,1,4,0,1,1,1,1,0,0,0,0,0,0,0,.,0,.,1,0,0,.,.,.,.,.
Kentucky,4/9/2002,6/23/2003,1,1,4,0,1,1,1,1,0,0,0,0,0,0,0,.,0,.,1,0,0,0,0,0,0,0
Kentucky,6/24/2003,7/12/2004,1,1,4,0,1,1,1,1,0,0,0,0,0,0,0,.,0,.,1,0,0,0,0,0,0,0
Kentucky,7/13/2004,6/19/2005,1,1,4,0,1,1,1,1,0,0,0,0,0,0,0,.,0,.,1,0,0,0,0,0,0,0
Kentucky,6/20/2005,7/11/2006,1,1,4,0,1,1,1,1,0,0,0,0,0,0,0,.,0,.,1,0,1,1,0,1,1,0
Kentucky,7/12/2006,7/23/2006,1,1,4,0,1,1,1,1,0,0,0,0,0,0,0,.,0,.,1,0,1,1,0,1,1,0
Kentucky,7/24/2006,7/25/2007,1,1,4,0,1,1,1,1,0,0,0,0,0,0,0,.,0,.,1,0,1,1,0,1,1,0
Kentucky,7/26/2007,9/4/2008,1,1,4,0,1,1,1,1,0,0,0,0,0,0,0,.,0,.,1,0,1,1,0,1,1,0
Kentucky,9/5/2008,6/24/2009,1,1,4,0,1,1,1,1,0,0,0,0,0,0,0,.,0,.,1,0,1,1,0,1,1,0
Kentucky,6/25/2009,7/30/2009,1,1,4,0,1,1,1,1,0,0,0,0,0,0,0,.,0,.,1,0,1,1,0,1,1,0
Kentucky,7/31/2009,4/12/2010,1,1,3,0,1,1,1,1,0,0,0,0,0,0,0,.,0,.,1,0,1,1,0,1,1,0
Kentucky,4/13/2010,4/25/2010,1,1,3,0,1,1,1,1,0,0,0,0,0,0,0,.,0,.,1,0,1,1,0,1,1,0
Kentucky,4/26/2010,7/14/2010,1,1,3,0,1,1,1,1,0,0,0,0,0,0,0,.,0,.,1,0,1,1,0,1,1,0
Kentucky,7/15/2010,3/15/2011,1,1,3,0,1,1,1,1,0,0,0,0,0,0,0,.,0,.,1,0,1,1,0,1,1,0
Kentucky,3/16/2011,4/10/2012,1,1,3,0,1,1,1,1,0,0,0,0,0,0,0,.,0,.,1,0,1,1,0,1,1,0
Kentucky,4/11/2012,7/19/2012,1,1,3,0,1,1,1,1,0,0,0,0,0,0,0,.,0,.,1,0,1,1,0,1,1,0
Kentucky,7/20/2012,3/3/2013,1,1,3,0,1,1,1,1,0,0,0,0,0,0,1,2,1,2,1,0,1,1,0,1,1,0
Kentucky,3/4/2013,3/18/2013,1,1,3,0,1,1,1,1,0,0,0,0,0,0,1,2,1,2,1,0,1,1,0,1,1,0
Kentucky,3/19/2013,6/24/2013,1,1,3,0,1,1,1,1,0,0,0,0,0,0,1,2,1,2,1,0,1,1,0,1,1,0
Kentucky,6/25/2013,6/30/2013,1,1,3,0,1,1,1,1,0,0,0,0,0,0,1,2,1,2,1,0,1,1,0,1,1,0
Kentucky,7/1/2013,4/9/2014,1,1,1,0,1,1,1,1,0,0,0,0,0,0,1,2,1,2,1,0,1,1,0,1,1,0
Kentucky,4/10/2014,4/26/2016,1,1,1,0,1,1,1,1,0,0,0,0,0,0,1,2,1,2,1,0,1,1,0,1,1,0
Kentucky,4/27/2016,7/1/2016,1,1,1,0,1,1,1,1,0,0,0,0,0,0,1,2,1,2,1,0,1,1,0,1,1,0
Louisiana,7/1/2006,7/19/2007,1,1,7,1,1,1,1,1,1,1,1,1,1,0,0,.,0,.,1,0,0,.,.,.,.,.
Louisiana,7/20/2007,12/31/2007,1,1,4,1,1,1,1,1,1,1,1,1,1,0,0,.,0,.,1,0,0,.,.,.,.,.
Louisiana,1/1/2008,8/14/2009,1,1,4,1,1,1,1,1,1,1,1,1,1,0,0,.,0,.,1,0,0,.,.,.,.,.
Louisiana,8/15/2009,6/21/2010,1,1,4,1,1,1,1,1,1,1,1,1,1,0,0,.,0,.,1,0,0,.,.,.,.,.
Louisiana,6/22/2010,8/14/2010,1,1,4,1,1,1,1,1,1,1,1,1,1,0,0,.,0,.,1,0,0,.,.,.,.,.
Louisiana,8/15/2010,8/31/2010,1,1,4,1,1,1,1,1,1,1,1,1,1,0,0,.,0,.,1,0,0,.,.,.,.,.
Louisiana,9/1/2010,8/14/2012,1,1,4,1,1,1,1,1,1,1,1,1,1,0,0,.,0,.,1,0,0,.,.,.,.,.
Louisiana,8/15/2012,2/19/2013,1,1,4,1,1,1,1,1,1,1,1,1,1,0,0,.,0,.,1,0,1,0,0,0,0,1
Louisiana,2/20/2013,5/22/2013,1,1,3,1,1,1,1,1,1,1,1,1,1,0,0,.,0,.,1,0,1,0,0,0,0,1
Louisiana,5/23/2013,7/31/2013,1,1,3,1,1,1,1,1,1,1,1,1,1,0,0,.,0,.,1,0,1,0,0,0,0,1
Louisiana,8/1/2013,6/19/2014,1,1,3,1,1,1,1,1,1,1,1,1,1,0,0,.,0,.,1,0,1,0,0,0,0,1
Louisiana,6/20/2014,7/31/2014,1,1,3,1,1,1,1,1,1,1,1,1,1,0,0,.,0,.,1,0,1,0,0,0,0,1
Louisiana,8/1/2014,4/19/2015,1,1,2,1,1,1,1,1,1,1,1,1,1,0,1,2,0,.,1,0,1,0,0,0,0,1
Louisiana,4/20/2015,6/22/2015,1,1,2,1,1,1,1,1,1,1,1,1,1,0,1,2,0,.,1,0,1,0,0,0,0,1
Louisiana,6/23/2015,7/31/2015,1,1,2,1,1,1,1,1,1,1,1,1,1,0,1,2,0,.,1,0,1,0,0,0,0,1
Louisiana,8/1/2015,12/19/2015,1,1,2,1,1,1,1,1,1,1,1,1,1,0,1,2,0,.,1,0,1,0,0,0,0,1
Louisiana,12/20/2015,5/25/2016,1,1,2,1,1,1,1,1,1,1,1,1,1,0,1,2,0,.,1,0,1,0,0,0,0,1
Louisiana,5/26/2016,7/1/2016,1,1,2,1,1,1,1,1,1,1,1,1,1,0,1,2,0,.,1,0,1,0,0,0,0,1
Maine,9/13/2003,6/21/2004,1,1,7,0,0,0,0,0,0,1,1,1,0,0,0,.,0,.,0,0,0,.,.,.,.,.
Maine,6/22/2004,9/19/2004,1,1,4,0,0,0,0,0,0,1,1,1,0,0,0,.,0,.,0,0,0,.,.,.,.,.
Maine,9/20/2004,6/25/2005,1,1,7,0,0,0,0,0,0,1,1,1,0,0,0,.,0,.,0,0,0,.,.,.,.,.
Maine,6/26/2005,9/11/2009,1,1,4,0,0,0,0,0,0,1,1,1,0,0,0,.,0,.,0,0,0,.,.,.,.,.
Maine,9/12/2009,9/30/2009,1,1,4,0,0,0,0,0,0,1,1,1,0,0,0,.,0,.,0,0,0,.,.,.,.,.
Maine,10/1/2009,6/19/2011,1,1,4,0,0,0,0,0,0,1,1,1,0,0,0,.,0,.,0,0,0,.,.,.,.,.
Maine,6/20/2011,9/17/2011,1,1,4,0,0,0,0,0,0,1,1,1,0,0,0,.,0,.,0,0,0,.,.,.,.,.
Maine,9/18/2011,9/27/2011,1,1,3,0,0,0,0,0,0,1,1,1,0,0,0,.,0,.,0,0,0,.,.,.,.,.
Maine,9/28/2011,2/22/2012,1,1,3,0,0,0,0,0,0,1,1,1,0,0,0,.,0,.,0,0,1,0,0,1,0,0
Maine,2/23/2012,7/31/2012,1,1,3,0,0,0,0,0,0,1,1,1,0,0,0,.,0,.,0,0,1,0,0,1,0,0
Maine,8/1/2012,8/29/2012,1,1,3,0,0,0,0,0,0,1,1,1,0,0,0,.,0,.,0,0,1,0,0,1,0,0
Maine,8/30/2012,4/29/2014,1,1,3,0,0,0,0,0,0,1,1,1,0,0,0,.,0,.,0,0,1,0,0,1,0,0
Maine,4/30/2014,7/10/2015,1,1,3,0,0,0,0,0,0,1,1,1,0,0,0,.,0,.,0,0,1,0,0,1,0,0
Maine,7/11/2015,7/1/2016,1,1,3,0,0,0,0,0,0,1,1,1,0,0,0,.,0,.,1,0,1,0,0,1,0,0
Maryland,10/1/2011,4/9/2012,1,1,7,0,1,1,1,1,0,0,0,0,0,0,0,.,0,.,1,0,1,0,0,1,0,0
Maryland,4/10/2012,1/6/2013,1,1,7,0,1,1,1,1,0,0,0,0,0,0,0,.,0,.,1,0,1,0,0,1,0,0
Maryland,1/7/2013,4/8/2013,1,1,2,0,1,1,1,1,0,0,0,0,0,0,0,.,0,.,1,0,1,0,1,1,0,0
Maryland,4/9/2013,9/30/2013,1,1,2,0,1,1,1,1,0,0,0,0,0,0,0,.,0,.,1,0,1,0,1,1,0,0
Maryland,10/1/2013,10/27/2013,1,1,2,0,1,1,1,1,0,0,0,0,0,0,0,.,0,.,1,0,1,0,1,1,0,0
Maryland,10/28/2013,6/30/2014,1,1,2,0,1,1,1,1,0,0,0,0,0,0,0,.,0,.,1,0,1,0,1,1,0,0
Maryland,7/1/2014,9/30/2014,1,1,2,0,1,1,1,1,0,0,0,0,0,0,0,.,0,.,1,0,1,0,1,1,0,0
Maryland,10/1/2014,6/7/2015,1,1,2,0,1,1,1,1,0,0,0,0,0,0,0,.,0,.,1,0,1,0,1,1,0,0
Maryland,6/8/2015,9/30/2015,1,1,2,0,1,1,1,1,0,0,0,0,0,0,0,.,0,.,1,0,1,0,1,1,0,0
Maryland,10/1/2015,2/28/2016,1,1,2,0,1,1,1,1,0,0,0,0,0,0,0,.,0,.,1,0,1,0,1,1,0,0
Maryland,2/29/2016,3/13/2016,1,1,2,0,1,1,1,1,0,0,0,0,0,0,0,.,0,.,1,0,1,0,1,1,0,0
Maryland,3/14/2016,7/1/2016,1,1,2,0,1,1,1,1,0,0,0,0,0,0,0,.,0,.,1,0,1,0,1,1,0,0
Massachusetts,1/1/1998,2/19/1998,1,1,5,0,0,0,0,0,0,1,0,0,0,0,0,.,0,.,0,0,0,.,.,.,.,.
Massachusetts,2/20/1998,9/3/1999,1,1,5,0,0,0,0,0,0,1,0,0,0,0,0,.,0,.,0,0,0,.,.,.,.,.
Massachusetts,9/4/1999,2/26/2004,1,1,5,0,0,0,0,0,0,1,0,0,0,0,0,.,0,.,0,0,0,.,.,.,.,.
Massachusetts,2/27/2004,4/24/2004,1,1,5,0,0,0,0,0,0,1,0,0,0,0,0,.,0,.,0,0,0,.,.,.,.,.
Massachusetts,4/25/2004,8/7/2008,1,1,5,0,0,0,0,0,0,1,0,0,0,0,0,.,0,.,0,0,0,.,.,.,.,.
Massachusetts,8/8/2008,9/15/2008,1,1,5,0,0,0,0,0,0,1,0,0,0,0,0,.,0,.,0,0,0,.,.,.,.,.
Massachusetts,9/16/2008,6/24/2010,1,1,5,0,0,0,0,0,0,1,0,0,0,0,0,.,0,.,0,0,0,.,.,.,.,.
Massachusetts,6/25/2010,9/2/2010,1,1,5,0,0,0,0,0,0,1,0,0,0,0,0,.,0,.,0,0,0,.,.,.,.,.
Massachusetts,9/3/2010,10/23/2010,1,1,3,0,0,0,0,0,0,1,1,1,1,0,0,.,0,.,0,0,1,0,1,1,0,0
Massachusetts,10/24/2010,12/31/2010,1,1,3,0,0,0,0,0,0,1,1,1,1,0,0,.,0,.,0,0,1,0,1,1,0,0
Massachusetts,1/1/2011,8/31/2011,1,1,3,0,0,0,0,0,0,1,1,1,1,0,0,.,0,.,1,0,1,1,1,1,0,0
Massachusetts,9/1/2011,12/31/2012,1,1,3,0,0,0,0,0,0,1,1,1,1,0,0,.,0,.,1,0,1,1,1,1,0,0
Massachusetts,1/1/2013,1/31/2013,1,1,3,0,0,0,0,0,0,1,1,1,1,0,0,.,0,.,1,0,1,1,1,1,0,0
Massachusetts,2/1/2013,6/30/2013,1,1,3,0,0,0,0,0,0,1,1,1,1,0,0,.,0,.,1,0,1,1,1,1,0,0
Massachusetts,7/1/2013,5/22/2014,1,1,3,0,0,0,0,0,0,1,1,1,1,0,0,.,0,.,1,0,1,1,1,1,0,0
Massachusetts,5/23/2014,6/30/2014,1,1,3,0,0,0,0,0,0,1,1,1,1,0,0,.,0,.,1,0,1,1,1,1,0,0
Massachusetts,7/1/2014,8/5/2014,1,1,3,0,0,0,0,0,0,1,1,1,1,0,1,2,0,.,1,0,1,1,1,1,0,0
Massachusetts,8/6/2014,12/4/2014,1,1,3,0,0,0,0,0,0,1,1,1,1,0,1,2,0,.,1,0,1,1,1,1,0,0
Massachusetts,12/5/2014,6/30/2015,1,1,3,0,0,0,0,0,0,1,1,1,1,0,1,2,0,.,1,0,1,1,1,1,0,0
Massachusetts,7/1/2015,11/5/2015,1,1,3,0,0,0,0,0,0,1,1,1,1,0,1,2,0,.,1,0,1,1,1,1,0,0
Massachusetts,11/6/2015,3/13/2016,1,1,3,0,0,0,0,0,0,1,1,1,1,0,1,2,0,.,1,0,1,1,1,1,0,0
Massachusetts,3/14/2016,7/1/2016,1,1,3,0,0,0,0,0,0,1,1,1,1,0,1,2,0,.,1,0,1,1,1,1,0,0
Michigan,1/3/2002,1/5/2003,1,1,7,0,1,1,1,1,0,0,0,0,0,0,0,.,0,.,1,0,0,0,0,0,0,0
Michigan,1/6/2003,1/6/2003,1,1,7,0,1,1,1,1,0,0,0,0,0,0,0,.,0,.,1,0,0,.,.,.,.,.
Michigan,1/7/2003,12/1/2004,1,1,5,0,1,1,1,1,0,0,0,0,0,0,0,.,0,.,1,0,0,.,.,.,.,.
Michigan,12/2/2004,7/18/2005,1,1,5,0,1,1,1,1,0,0,0,0,0,0,0,.,0,.,1,0,0,.,.,.,.,.
Michigan,7/19/2005,1/9/2007,1,1,5,0,1,1,1,1,0,0,0,0,0,0,0,.,0,.,1,0,0,.,.,.,.,.
Michigan,1/10/2007,2/20/2007,1,1,5,0,1,1,1,1,0,0,0,0,0,0,0,.,0,.,1,0,0,.,.,.,.,.
Michigan,2/21/2007,12/1/2007,1,1,4,0,1,1,1,1,0,0,0,0,0,0,0,.,0,.,1,0,0,.,.,.,.,.
Michigan,12/2/2007,11/18/2009,1,1,4,0,1,1,1,1,0,0,0,0,0,0,0,.,0,.,1,0,0,.,.,.,.,.
Michigan,11/19/2009,1/3/2010,1,1,4,0,1,1,1,1,0,0,0,0,0,0,0,.,0,.,1,0,0,.,.,.,.,.
Michigan,1/4/2010,7/19/2011,1,1,4,0,1,1,1,1,0,0,0,0,0,0,0,.,0,.,1,0,0,.,.,.,.,.
Michigan,7/20/2011,9/26/2011,1,1,4,0,1,1,1,1,0,0,0,0,0,0,0,.,0,.,1,0,0,.,.,.,.,.
Michigan,9/27/2011,3/6/2012,1,1,4,0,1,1,1,1,0,0,0,0,0,0,0,.,0,.,1,0,0,.,.,.,.,.
Michigan,3/7/2012,6/26/2012,1,1,4,0,1,1,1,1,0,0,0,0,0,0,0,.,0,.,1,1,0,.,.,.,.,.
Michigan,6/27/2012,12/11/2013,1,1,4,0,1,1,1,1,0,0,0,0,0,0,0,.,0,.,1,1,0,.,.,.,.,.
Michigan,12/12/2013,12/29/2013,1,1,1,0,1,1,1,1,0,0,0,0,0,0,0,.,0,.,1,1,0,.,.,.,.,.
Michigan,12/30/2013,6/10/2014,1,1,1,0,1,1,1,1,0,0,0,0,0,0,0,.,0,.,1,1,0,.,.,.,.,.
Michigan,6/11/2014,3/29/2015,1,1,1,0,1,1,1,1,0,0,0,0,0,0,0,.,0,.,1,1,0,.,.,.,.,.
Michigan,3/30/2015,6/12/2016,1,1,1,0,1,1,1,1,0,0,0,0,0,0,0,.,0,.,1,1,0,.,.,.,.,.
Michigan,6/13/2016,7/1/2016,1,1,1,0,1,1,1,1,0,0,0,0,0,0,0,.,0,.,1,1,0,.,.,.,.,.
Minnesota,7/1/2007,7/31/2008,1,0,.,0,1,1,0,0,0,0,0,0,0,0,0,.,0,.,0,0,0,0,0,0,0,0
Minnesota,8/1/2008,6/30/2009,1,0,.,0,1,1,0,0,0,0,0,0,0,0,0,.,0,.,0,0,0,0,0,0,0,0
Minnesota,7/1/2009,12/31/2009,1,0,.,0,1,1,0,0,0,0,0,0,0,0,0,.,0,.,0,0,0,0,0,0,0,0
Minnesota,1/1/2010,6/30/2010,1,1,7,0,1,1,0,0,0,0,0,0,0,0,0,.,0,.,0,0,1,0,1,0,0,0
Minnesota,7/1/2010,7/20/2011,1,1,7,0,1,1,1,0,0,0,0,0,0,0,0,.,0,.,0,0,1,0,1,0,0,0
Minnesota,7/21/2011,7/31/2013,1,1,7,0,1,1,1,0,0,0,0,0,0,0,0,.,0,.,0,0,1,0,1,0,0,0
Minnesota,8/1/2013,5/21/2014,1,1,7,0,1,1,1,0,0,0,0,0,0,0,0,.,0,.,1,0,1,0,1,0,0,0
Minnesota,5/22/2014,6/30/2014,1,1,7,0,1,1,1,0,0,0,0,0,0,0,0,.,0,.,1,0,1,0,1,0,0,0
Minnesota,7/1/2014,7/31/2014,1,1,7,0,1,1,1,0,0,0,0,0,0,0,0,.,0,.,1,0,1,0,1,0,0,0
Minnesota,8/1/2014,12/31/2014,1,1,7,0,1,1,1,0,0,0,0,0,0,0,0,.,0,.,1,0,1,0,1,0,0,0
Minnesota,1/1/2015,7/1/2016,1,1,7,0,1,1,1,0,0,0,0,0,0,0,0,.,0,.,1,0,1,0,1,0,0,0
Mississippi,6/30/2006,6/1/2008,1,1,7,0,1,1,1,1,0,0,0,0,0,0,0,.,0,.,0,0,0,0,0,0,0,0
Mississippi,6/2/2008,6/30/2009,1,1,7,0,1,1,1,1,0,0,0,0,0,0,0,.,0,.,1,0,1,0,1,0,0,0
Mississippi,7/1/2009,1/30/2011,1,1,7,0,1,1,1,1,0,0,0,0,0,0,0,.,0,.,1,0,1,0,1,0,0,0
Mississippi,1/31/2011,4/25/2011,1,1,7,0,1,1,1,1,0,0,0,0,0,0,0,.,0,.,1,0,1,0,1,0,0,0
Mississippi,4/26/2011,6/2/2012,1,1,7,0,1,1,1,1,0,0,0,0,0,0,0,.,0,.,1,0,1,0,1,0,0,0
Mississippi,6/3/2012,4/25/2013,1,1,7,0,1,1,1,1,0,0,0,0,0,0,0,.,0,.,1,0,1,0,1,0,0,0
Mississippi,4/26/2013,6/30/2014,1,1,7,0,1,1,1,1,0,0,0,0,0,0,0,.,0,.,1,0,1,0,1,0,0,0
Mississippi,7/1/2014,2/9/2016,1,1,7,0,1,1,1,1,0,0,0,0,0,0,0,.,0,.,1,0,1,0,1,0,0,0
Mississippi,2/10/2016,4/25/2016,1,1,1,0,1,1,1,1,0,0,0,0,0,0,0,.,0,.,1,0,1,0,1,0,0,0
Mississippi,4/26/2016,6/30/2016,1,1,1,0,1,1,1,1,0,0,0,0,0,0,0,.,0,.,1,0,1,0,1,0,0,0
Mississippi,7/1/2016,7/1/2016,1,1,1,0,1,1,1,1,0,0,0,0,0,0,0,.,0,.,1,0,1,0,1,0,0,0
Missouri,1/1/2001,7/1/2016,0,.,.,.,.,.,.,.,.,.,.,.,.,.,.,.,.,.,.,.,.,.,.,.,.,.
Montana,7/1/2011,9/30/2011,1,1,7,0,1,1,1,1,0,0,0,0,0,0,0,.,0,.,1,0,1,0,0,1,0,0
Montana,10/1/2011,3/8/2012,1,1,7,0,1,1,1,1,0,0,0,0,0,0,0,.,0,.,1,0,1,0,0,1,0,0
Montana,3/9/2012,9/30/2013,1,1,3,0,1,1,1,1,0,0,0,0,0,0,0,.,0,.,1,0,1,0,0,1,0,0
Montana,10/1/2013,3/26/2015,1,1,3,0,1,1,1,1,0,0,0,0,0,0,0,.,0,.,1,0,1,0,0,1,0,0
Montana,3/27/2015,6/30/2015,1,1,4,0,1,1,1,1,0,0,0,0,0,0,0,.,0,.,1,0,1,0,0,1,0,0
Montana,7/1/2015,7/1/2016,1,1,4,0,1,1,1,1,0,0,0,0,0,0,0,.,0,.,1,0,1,0,0,1,0,0
Nebraska,8/27/2011,7/17/2014,1,0,.,0,0,0,0,0,0,0,0,0,0,1,0,.,0,.,0,0,0,.,.,.,.,.
Nebraska,7/18/2014,2/24/2016,1,0,.,0,0,0,0,0,0,0,0,0,0,1,0,.,0,.,0,0,0,.,.,.,.,.
Nebraska,2/25/2016,7/1/2016,1,1,7,1,1,1,1,1,1,1,1,1,1,0,0,.,0,.,0,0,0,.,.,.,.,.
Nevada,1/1/1998,6/30/1999,1,1,5,0,0,0,0,0,0,1,1,1,0,0,0,.,0,.,0,0,0,.,.,.,.,.
Nevada,7/1/1999,9/30/1999,1,1,5,0,0,0,0,0,0,1,1,1,0,0,0,.,0,.,0,0,0,.,.,.,.,.
Nevada,10/1/1999,5/9/2001,1,1,5,0,0,0,0,0,0,1,1,1,0,0,0,.,0,.,0,0,0,0,0,0,0,0
Nevada,5/10/2001,9/30/2001,1,1,5,0,0,0,0,0,0,1,1,1,0,0,0,.,0,.,0,0,0,0,0,0,0,0
Nevada,10/1/2001,9/30/2003,1,1,5,0,0,0,0,0,0,1,1,1,0,0,0,.,0,.,0,0,0,0,0,0,0,0
Nevada,10/1/2003,12/31/2004,1,1,5,0,0,0,0,0,0,1,1,1,0,0,0,.,0,.,0,0,0,0,0,0,0,0
Nevada,1/1/2005,9/30/2007,1,1,4,0,0,0,0,0,0,1,1,1,0,0,0,.,0,.,0,0,0,0,0,0,0,0
Nevada,10/1/2007,10/30/2007,1,1,4,0,0,0,0,0,0,1,1,1,0,0,0,.,0,.,0,0,0,0,0,0,0,0
Nevada,10/31/2007,12/31/2007,1,1,3,0,0,0,0,0,0,1,1,1,0,0,0,.,0,.,0,0,0,0,0,0,0,0
Nevada,1/1/2008,6/30/2009,1,1,3,0,0,0,0,0,0,1,1,1,0,0,0,.,0,.,0,0,0,0,0,0,0,0
Nevada,7/1/2009,9/30/2011,1,1,3,0,0,0,0,0,0,1,1,1,0,0,0,.,0,.,0,0,0,0,0,0,0,0
Nevada,10/1/2011,6/30/2013,1,1,3,0,0,0,0,0,0,1,1,1,0,0,0,.,0,.,0,0,1,0,1,1,0,0
Nevada,7/1/2013,3/27/2014,1,1,3,0,0,0,0,0,0,1,1,1,0,0,0,.,0,.,0,0,1,0,1,1,0,0
Nevada,3/28/2014,9/30/2015,1,1,3,0,0,0,0,0,0,1,1,1,0,0,0,.,0,.,0,0,1,0,1,1,0,0
Nevada,10/1/2015,12/31/2015,1,1,2,0,0,0,0,0,0,1,1,1,0,0,1,1,0,.,0,0,1,0,1,1,0,0
Nevada,1/1/2016,4/3/2016,1,1,2,0,0,0,0,0,0,1,1,1,0,0,1,1,0,.,0,0,1,0,1,1,0,0
Nevada,4/4/2016,7/1/2016,1,1,2,0,0,0,0,0,0,1,1,1,0,0,1,1,0,.,0,0,1,0,1,1,0,0
New Hampshire,6/12/2012,6/6/2013,1,1,3,0,0,0,0,0,0,1,1,1,0,0,0,.,0,.,0,0,1,0,1,0,0,0
New Hampshire,6/7/2013,2/25/2014,1,1,3,0,0,0,0,0,0,1,1,1,0,0,0,.,0,.,0,0,1,0,1,0,0,0
New Hampshire,2/26/2014,7/21/2014,1,1,3,0,0,0,0,0,0,1,1,1,0,0,0,.,0,.,0,0,1,0,1,0,0,0
New Hampshire,7/22/2014,7/19/2015,1,1,3,0,0,0,0,0,0,1,1,1,0,0,0,.,0,.,0,0,1,0,1,0,0,0
New Hampshire,7/20/2015,1/20/2016,1,1,3,0,0,0,0,0,0,1,1,1,0,0,0,.,0,.,0,0,1,0,1,0,0,0
New Hampshire,1/21/2016,6/6/2016,1,1,3,0,0,0,0,0,0,1,1,1,0,0,1,2,0,.,0,0,1,0,1,0,0,0
New Hampshire,6/7/2016,7/1/2016,1,1,3,0,0,0,0,0,0,1,1,1,0,0,1,2,0,.,0,0,1,0,1,0,0,0
New Jersey,8/1/2010,10/31/2015,1,1,5,0,1,1,1,0,0,0,0,0,0,0,0,.,0,.,1,0,1,1,1,0,0,0
New Jersey,11/1/2015,7/1/2016,1,1,3,0,1,1,1,0,0,0,0,0,0,0,1,2,1,0,1,0,1,1,1,0,0,0
New Mexico,7/15/2004,1/14/2008,1,1,5,0,1,1,1,0,0,0,0,0,0,0,0,.,0,.,1,0,0,0,0,0,0,0
New Mexico,1/15/2008,5/13/2010,1,1,5,0,1,1,1,0,0,0,0,0,0,0,0,.,0,.,1,0,0,.,.,.,.,.
New Mexico,5/14/2010,6/10/2011,1,1,5,0,1,1,1,0,0,0,0,0,0,0,0,.,0,.,1,0,0,.,.,.,.,.
New Mexico,6/11/2011,8/30/2012,1,1,3,0,1,1,1,1,0,0,0,0,0,0,0,.,0,.,1,0,1,0,1,0,0,0
New Mexico,8/31/2012,9/27/2012,1,1,3,0,1,1,1,1,0,0,0,0,0,0,0,.,0,.,1,0,1,0,1,0,0,0
New Mexico,9/28/2012,2/13/2013,1,1,3,0,1,1,1,1,0,0,0,0,0,0,1,1,1,1,1,0,1,0,1,0,0,0
New Mexico,2/14/2013,10/23/2014,1,1,3,0,1,1,1,1,0,0,0,0,0,0,1,1,1,1,1,0,1,0,1,0,0,0
New Mexico,10/24/2014,3/21/2015,1,1,3,0,1,1,1,1,0,0,0,0,0,0,1,1,1,1,1,0,1,0,1,0,0,0
New Mexico,3/22/2015,3/22/2016,1,1,2,0,1,1,1,1,0,0,0,0,0,0,1,1,1,1,1,0,1,0,1,1,0,0
New Mexico,3/23/2016,7/1/2016,1,1,2,0,1,1,1,1,0,0,0,0,0,0,1,1,1,1,1,0,1,0,1,1,0,0
New York,1/1/1998,10/31/1998,1,1,5,0,1,1,1,1,0,0,0,0,0,0,0,.,0,.,0,0,0,0,0,0,0,0
New York,11/1/1998,4/30/2001,1,1,5,0,1,1,1,1,0,0,0,0,0,0,0,.,0,.,0,0,0,.,.,.,.,.
New York,5/1/2001,10/18/2004,1,1,5,0,1,1,1,0,0,0,0,0,0,0,0,.,0,.,0,0,0,.,.,.,.,.
New York,10/19/2004,4/18/2006,1,1,5,0,1,1,1,0,0,0,0,0,0,0,0,.,0,.,0,0,0,0,0,0,0,0
New York,4/19/2006,2/24/2009,1,1,5,0,1,1,1,0,0,0,0,0,0,0,0,.,0,.,0,0,0,.,.,.,.,.
New York,2/25/2009,7/14/2010,1,1,5,0,1,1,1,1,0,0,0,0,0,0,0,.,0,.,0,0,0,0,0,0,0,0
New York,7/15/2010,8/26/2012,1,1,5,0,1,1,1,0,0,0,0,0,0,0,0,.,0,.,0,0,1,1,1,1,0,0
New York,8/27/2012,3/26/2013,1,1,5,0,1,1,1,0,0,0,0,0,0,0,0,.,0,.,0,0,1,1,1,1,0,0
New York,3/27/2013,8/26/2013,1,1,5,0,1,1,1,0,0,0,0,0,0,0,0,.,0,.,0,0,1,1,1,1,0,0
New York,8/27/2013,6/28/2014,1,1,1,0,1,1,1,0,0,0,0,0,0,0,1,0,0,.,0,0,1,1,1,1,0,0
New York,6/29/2014,7/4/2014,1,1,1,0,1,1,1,0,0,0,0,0,0,0,1,0,0,.,0,0,1,1,1,1,0,0
New York,7/5/2014,7/1/2016,1,1,1,0,1,1,1,0,0,0,0,0,0,0,1,0,0,.,0,0,1,1,1,1,0,0
North Carolina,1/1/2006,12/31/2006,1,1,5,0,1,1,1,1,0,0,0,0,0,0,0,.,0,.,1,0,1,0,0,0,0,1
North Carolina,1/1/2007,8/6/2009,1,1,4,0,1,1,1,1,0,0,0,0,0,0,0,.,0,.,1,0,1,0,0,0,0,1
North Carolina,8/7/2009,1/1/2010,1,1,4,0,1,1,1,1,0,0,0,0,0,0,0,.,0,.,1,0,1,0,0,0,0,1
North Carolina,1/2/2010,12/31/2011,1,1,3,0,1,1,1,1,0,0,0,0,0,0,0,.,0,.,1,0,1,0,0,0,0,1
North Carolina,1/1/2012,6/18/2013,1,1,3,0,1,1,1,1,0,0,0,0,0,0,0,.,0,.,1,0,1,0,0,0,0,1
North Carolina,6/19/2013,12/31/2013,1,1,3,0,1,1,1,1,0,0,0,0,0,0,0,.,0,.,1,0,1,0,0,0,0,1
North Carolina,1/1/2014,8/10/2014,1,1,2,0,1,1,1,1,0,0,0,0,0,0,0,.,0,.,1,0,1,0,0,0,0,1
North Carolina,8/11/2014,7/1/2016,1,1,2,0,1,1,1,1,0,0,0,0,0,0,0,.,0,.,1,0,1,0,0,0,0,1
North Dakota,4/5/2007,4/23/2007,1,1,7,1,1,1,1,1,0,0,0,0,0,0,0,.,0,.,1,0,1,0,0,0,0,1
North Dakota,4/24/2007,7/31/2011,1,1,7,1,1,1,1,1,0,0,0,0,0,0,0,.,0,.,1,0,1,0,0,0,0,1
North Dakota,8/1/2011,4/25/2013,1,1,1,1,1,1,1,1,0,0,0,0,0,0,0,.,0,.,1,0,1,0,0,0,0,1
North Dakota,4/26/2013,7/31/2013,1,1,1,1,1,1,1,1,0,0,0,0,0,0,0,.,0,.,1,0,1,0,0,0,0,1
North Dakota,8/1/2013,9/30/2014,1,1,1,1,1,1,1,1,0,0,0,0,0,0,0,.,0,.,1,0,1,0,0,0,0,1
North Dakota,10/1/2014,7/31/2015,1,1,1,1,1,1,1,1,0,0,0,0,0,0,0,.,1,2,1,0,1,0,0,0,0,1
North Dakota,8/1/2015,7/1/2016,1,1,1,1,1,1,1,1,0,0,0,0,0,0,0,.,1,2,1,0,1,0,0,0,0,1
Ohio,5/18/2005,8/18/2005,1,1,7,1,1,1,1,1,0,0,0,0,0,0,0,.,0,.,0,0,0,.,.,.,.,.
Ohio,8/19/2005,12/31/2005,1,1,7,1,1,1,1,1,0,0,0,0,0,0,0,.,0,.,0,0,0,.,.,.,.,.
Ohio,1/1/2006,5/16/2006,1,1,4,0,1,1,1,1,0,0,0,0,0,0,0,.,0,.,0,0,0,.,.,.,.,.
Ohio,5/17/2006,4/26/2007,1,1,4,0,1,1,1,1,0,0,0,0,0,0,0,.,0,.,0,0,0,.,.,.,.,.
Ohio,4/27/2007,8/29/2007,1,1,4,0,1,1,1,1,0,0,0,0,0,0,0,.,0,.,0,0,0,.,.,.,.,.
Ohio,8/30/2007,10/18/2007,1,1,4,0,1,1,1,1,0,0,0,0,0,0,0,.,0,.,0,0,0,.,.,.,.,.
Ohio,10/19/2007,12/31/2008,1,1,4,0,1,1,1,1,0,0,0,0,0,0,0,.,0,.,0,0,0,.,.,.,.,.
Ohio,1/1/2009,4/7/2009,1,1,4,0,1,1,1,1,0,0,0,0,0,0,0,.,0,.,0,0,0,.,.,.,.,.
Ohio,4/8/2009,6/20/2009,1,1,4,0,1,1,1,1,0,0,0,0,0,0,0,.,0,.,0,0,0,.,.,.,.,.
Ohio,6/21/2009,6/30/2009,1,1,4,0,1,1,1,1,0,0,0,0,0,0,0,.,0,.,0,0,0,.,.,.,.,.
Ohio,7/1/2009,10/15/2009,1,1,4,0,1,1,1,1,0,0,0,0,0,0,0,.,0,.,0,0,0,.,.,.,.,.
Ohio,10/16/2009,12/31/2010,1,1,4,0,1,1,1,1,0,0,0,0,0,0,0,.,0,.,0,0,0,.,.,.,.,.
Ohio,1/1/2011,5/19/2011,1,1,4,0,1,1,1,1,0,0,0,0,0,0,0,.,0,.,0,0,0,.,.,.,.,.
Ohio,5/20/2011,9/29/2011,1,1,4,0,1,1,1,1,0,0,0,0,0,0,0,.,0,.,1,0,1,0,1,0,0,0
Ohio,9/30/2011,10/16/2011,1,1,4,0,1,1,1,1,0,0,0,0,0,0,0,.,0,.,1,0,1,0,1,0,0,0
Ohio,10/17/2011,10/19/2011,1,1,4,0,1,1,1,1,0,0,0,0,0,0,0,.,0,.,1,0,1,0,1,0,0,0
Ohio,10/20/2011,10/26/2011,1,1,4,0,1,1,1,1,0,0,0,0,0,0,0,.,0,.,1,0,1,0,1,0,0,0
Ohio,10/27/2011,11/29/2011,1,1,4,0,1,1,1,1,0,0,0,0,0,0,0,.,0,.,1,0,1,0,1,0,0,0
Ohio,11/30/2011,3/12/2013,1,1,3,0,1,1,1,1,0,0,0,0,0,0,0,.,0,.,1,0,1,0,1,0,0,0
Ohio,3/13/2013,9/28/2013,1,1,3,0,1,1,1,1,0,0,0,0,0,0,0,.,0,.,1,0,1,0,1,0,0,0
Ohio,9/29/2013,5/21/2014,1,1,3,0,1,1,1,1,0,0,0,0,0,0,0,.,0,.,1,0,1,0,1,0,0,0
Ohio,5/22/2014,9/14/2014,1,1,1,0,1,1,1,1,0,0,0,0,0,0,0,.,0,.,1,0,1,0,1,0,0,0
Ohio,9/15/2014,9/15/2014,1,1,1,0,1,1,1,1,0,0,0,0,0,0,0,.,0,.,1,0,1,0,1,0,0,0
Ohio,9/16/2014,9/16/2014,1,1,1,0,1,1,1,1,0,0,0,0,0,0,0,.,0,.,1,0,1,0,1,0,0,0
Ohio,9/17/2014,1/31/2015,1,1,1,0,1,1,1,1,0,0,0,0,0,0,0,.,0,.,1,0,1,0,1,0,0,0
Ohio,2/1/2015,3/18/2015,1,1,1,0,1,1,1,1,0,0,0,0,0,0,0,.,0,.,1,0,1,0,1,0,0,0
Ohio,3/19/2015,3/31/2015,1,1,1,0,1,1,1,1,0,0,0,0,0,0,0,.,0,.,1,0,1,0,1,0,0,0
Ohio,4/1/2015,7/15/2015,1,1,1,0,1,1,1,1,0,0,0,0,0,0,0,.,0,.,1,0,1,0,1,0,0,0
Ohio,7/16/2015,9/28/2015,1,1,1,0,1,1,1,1,0,0,0,0,0,0,0,.,0,.,1,0,1,0,1,0,0,0
Ohio,9/29/2015,10/14/2015,1,1,1,0,1,1,1,1,0,0,0,0,0,0,0,.,0,.,1,0,1,0,1,0,0,0
Ohio,10/15/2015,11/18/2015,1,1,1,0,1,1,1,1,0,0,0,0,0,0,0,.,0,.,1,0,1,0,1,0,0,0
Ohio,11/19/2015,12/30/2015,1,1,1,0,1,1,1,1,0,0,0,0,0,0,0,.,0,.,1,0,1,0,1,0,0,0
Ohio,12/31/2015,1/14/2016,1,1,1,0,1,1,1,1,0,0,0,0,0,0,1,2,0,.,1,0,1,0,1,0,0,0
Ohio,1/15/2016,3/22/2016,1,1,1,0,1,1,1,1,0,0,0,0,0,0,1,2,0,.,1,0,1,0,1,0,0,0
Ohio,3/23/2016,4/27/2016,1,1,1,0,1,1,1,1,0,0,0,0,0,0,1,2,0,.,1,0,1,0,1,0,0,0
Ohio,4/28/2016,7/1/2016,1,1,1,0,1,1,1,1,0,0,0,0,0,0,1,2,0,.,1,0,1,0,1,0,0,0
Oklahoma,1/1/1998,6/30/1998,1,1,4,0,1,0,0,0,0,0,0,0,0,0,0,.,0,.,0,0,0,.,.,.,.,.
Oklahoma,7/1/1998,6/10/2001,1,1,4,0,1,0,0,0,0,0,0,0,0,0,0,.,0,.,0,0,0,.,.,.,.,.
Oklahoma,6/11/2001,6/30/2003,1,1,4,0,1,0,0,0,0,0,0,0,0,0,0,.,0,.,0,0,0,.,.,.,.,.
Oklahoma,7/1/2003,2/29/2004,1,1,4,0,1,0,0,0,0,0,0,0,0,0,0,.,0,.,0,0,0,.,.,.,.,.
Oklahoma,3/1/2004,5/11/2004,1,1,4,0,1,0,0,0,0,0,0,0,0,0,0,.,0,.,0,0,0,.,.,.,.,.
Oklahoma,5/12/2004,6/30/2005,1,1,5,0,1,1,1,1,0,0,0,0,0,0,0,.,0,.,0,0,0,.,.,.,.,.
Oklahoma,7/1/2005,10/31/2005,1,1,5,0,1,1,1,1,0,0,0,0,0,0,0,.,0,.,0,0,0,.,.,.,.,.
Oklahoma,11/1/2005,8/10/2007,1,1,5,0,1,1,1,1,0,0,0,0,0,0,0,.,0,.,0,0,0,.,.,.,.,.
Oklahoma,8/11/2007,10/31/2007,1,1,5,0,1,1,1,1,0,0,0,0,0,0,0,.,0,.,0,0,0,.,.,.,.,.
Oklahoma,11/1/2007,10/31/2008,1,1,5,0,1,1,1,1,0,0,0,0,0,0,0,.,0,.,0,0,0,.,.,.,.,.
Oklahoma,11/1/2008,6/30/2009,1,1,5,0,1,1,1,1,0,0,0,0,0,0,0,.,0,.,0,0,0,.,.,.,.,.
Oklahoma,7/1/2009,10/31/2010,1,1,1,0,1,1,1,1,0,0,0,0,0,0,0,.,0,.,0,0,0,.,.,.,.,.
Oklahoma,11/1/2010,6/24/2012,1,1,1,0,1,1,1,1,0,0,0,0,0,0,0,.,0,.,0,0,0,.,.,.,.,.
Oklahoma,6/25/2012,10/31/2012,1,1,0,0,1,1,1,1,0,0,0,0,0,0,0,.,0,.,0,0,0,.,.,.,.,.
Oklahoma,11/1/2012,4/7/2013,1,1,0,0,1,1,1,1,0,0,0,0,0,0,0,.,0,.,0,0,0,.,.,.,.,.
Oklahoma,4/8/2013,10/31/2013,1,1,0,0,1,1,1,1,0,0,0,0,0,0,0,.,0,.,0,0,0,.,.,.,.,.
Oklahoma,11/1/2013,4/1/2014,1,1,0,0,1,1,1,1,0,0,0,0,0,0,0,.,0,.,0,0,0,.,.,.,.,.
Oklahoma,4/1/2014,10/31/2014,1,1,0,0,1,1,1,1,0,0,0,0,0,0,0,.,0,.,0,0,0,.,.,.,.,.
Oklahoma,11/1/2014,6/30/2015,1,1,0,0,1,1,1,1,0,0,0,0,0,0,0,.,0,.,0,0,1,1,0,0,0,0
Oklahoma,7/1/2015,10/31/2015,1,1,0,0,1,1,1,1,0,0,0,0,0,0,0,.,0,.,0,0,1,1,0,0,0,0
Oklahoma,11/1/2015,4/25/2016,1,1,0,0,1,1,1,1,0,0,0,0,0,0,1,2,0,.,0,0,1,1,0,0,0,0
Oklahoma,4/26/2016,7/1/2016,1,1,0,0,1,1,1,1,0,0,0,0,0,0,1,2,0,.,0,0,1,1,0,0,0,0
Oregon,7/23/2009,6/30/2009,1,0,.,0,1,1,1,0,0,0,0,0,0,0,0,.,0,.,0,0,0,.,.,.,.,.
Oregon,7/1/2010,5/4/2011,1,1,3,0,1,1,1,0,0,0,0,0,0,0,0,.,0,.,0,0,1,0,0,1,0,0
Oregon,5/5/2011,8/4/2011,1,1,3,0,1,1,1,0,0,0,0,0,0,0,0,.,0,.,0,0,1,0,0,1,0,0
Oregon,8/5/2011,11/18/2013,1,1,3,0,1,1,1,0,0,0,0,0,0,0,0,.,0,.,0,0,1,0,0,1,0,0
Oregon,11/19/2013,12/31/2013,1,1,3,0,1,1,1,0,0,0,0,0,0,0,0,.,0,.,0,0,1,0,0,1,0,0
Oregon,1/1/2014,12/31/2014,1,1,3,0,1,1,1,0,0,0,0,0,0,0,0,.,0,.,0,0,1,0,0,1,0,0
Oregon,1/1/2015,12/31/2015,1,1,3,0,1,1,1,0,0,0,0,0,0,0,0,.,0,.,0,0,1,0,0,1,0,0
Oregon,1/1/2016,4/3/2016,1,1,2,0,1,1,1,0,0,0,0,0,0,0,0,.,0,.,0,0,1,0,0,1,0,0
Oregon,4/4/2016,7/1/2016,1,1,2,0,1,1,1,0,0,0,0,0,0,0,0,.,0,.,0,0,1,0,0,1,0,0
Pennsylvania,1/1/1998,1/25/2015,1,1,5,0,0,0,0,0,0,1,0,0,0,0,0,.,0,.,0,0,0,0,0,0,0,0
Pennsylvania,1/26/2015,6/29/2015,1,1,5,0,0,0,0,0,0,1,0,0,0,0,0,.,0,.,0,0,0,.,.,.,.,.
Pennsylvania,6/30/2015,7/1/2016,1,1,2,1,1,1,1,1,0,0,0,0,0,0,1,1,0,.,1,0,1,0,1,0,0,0
Rhode Island,1/1/1998,6/27/1999,1,1,5,0,1,1,0,0,0,0,0,0,0,0,0,.,0,.,0,0,0,.,.,.,.,.
Rhode Island,6/28/1999,8/22/2000,1,1,5,0,1,1,0,0,0,0,0,0,0,0,0,.,0,.,0,0,0,.,.,.,.,.
Rhode Island,8/23/2000,12/20/2000,1,1,5,0,1,1,0,0,0,0,0,0,0,0,0,.,0,.,0,0,0,.,.,.,.,.
Rhode Island,12/21/2000,3/10/2001,1,1,5,0,1,1,0,0,0,0,0,0,0,0,0,.,0,.,0,0,0,.,.,.,.,.
Rhode Island,3/11/2001,6/27/2002,1,1,5,0,1,1,0,0,0,0,0,0,0,0,0,.,0,.,0,0,0,.,.,.,.,.
Rhode Island,6/28/2002,7/16/2003,1,1,5,0,1,1,0,0,0,0,0,0,0,0,0,.,0,.,0,0,0,.,.,.,.,.
Rhode Island,7/17/2003,7/2/2006,1,1,5,0,1,1,0,0,0,0,0,0,0,0,0,.,0,.,0,0,0,.,.,.,.,.
Rhode Island,7/3/2006,8/31/2008,1,1,5,0,1,1,0,0,0,0,0,0,0,0,0,.,0,.,0,0,0,.,.,.,.,.
Rhode Island,9/1/2008,8/31/2009,1,1,5,0,1,1,0,0,0,0,0,0,0,0,0,.,0,.,0,0,0,.,.,.,.,.
Rhode Island,9/1/2009,12/31/2011,1,1,5,0,1,1,0,0,0,0,0,0,0,0,0,.,0,.,0,0,0,.,.,.,.,.
Rhode Island,1/1/2012,5/26/2013,1,1,5,0,1,1,1,0,0,0,0,0,0,0,0,.,0,.,0,0,0,.,.,.,.,.
Rhode Island,5/27/2013,6/23/2013,1,1,5,0,1,1,1,0,0,0,0,0,0,0,0,.,0,.,0,0,0,.,.,.,.,.
Rhode Island,6/24/2013,5/26/2014,1,1,5,0,1,1,1,0,0,0,0,0,0,0,0,.,0,.,0,0,0,.,.,.,.,.
Rhode Island,5/27/2014,7/7/2014,1,1,5,0,1,1,1,0,0,0,0,0,0,0,0,.,0,.,0,0,0,.,.,.,.,.
Rhode Island,7/8/2014,7/16/2014,1,1,2,0,1,1,1,0,0,0,0,0,0,0,0,.,0,.,0,0,0,.,.,.,.,.
Rhode Island,7/17/2014,10/12/2014,1,1,2,0,1,1,1,0,0,0,0,0,0,0,0,.,0,.,0,0,0,.,.,.,.,.
Rhode Island,10/13/2014,6/27/2016,1,1,2,0,1,1,1,0,0,0,0,0,0,0,0,.,0,.,0,0,0,.,.,.,.,.
Rhode Island,6/28/2016,7/1/2016,1,1,2,0,1,1,1,0,0,0,0,0,0,0,1,2,0,.,0,0,0,.,.,.,.,.
South Carolina,6/14/2006,6/5/2014,1,1,5,0,1,1,1,0,0,0,0,0,0,0,0,.,0,.,1,0,0,0,0,0,0,0
South Carolina,6/6/2014,7/1/2016,1,1,1,0,1,1,1,0,0,0,0,0,0,0,0,.,0,.,1,0,0,.,.,.,.,.
South Dakota,7/1/2010,5/29/2011,1,1,3,0,1,1,1,0,0,0,0,0,0,0,0,.,0,.,1,0,1,0,0,0,0,1
South Dakota,5/30/2011,7/1/2016,1,1,3,0,1,1,1,0,0,0,0,0,0,0,0,.,0,.,1,0,1,0,0,0,0,1
Tennessee,1/1/2003,5/16/2004,1,1,5,0,1,1,1,0,0,0,0,0,0,0,0,.,0,.,0,0,0,.,.,.,.,.
Tennessee,5/17/2004,6/17/2005,1,1,5,0,1,1,1,0,0,0,0,0,0,0,0,.,0,.,0,0,0,.,.,.,.,.
Tennessee,6/18/2005,3/6/2006,1,1,5,0,1,1,1,0,0,0,0,0,0,0,0,.,0,.,0,0,0,.,.,.,.,.
Tennessee,3/7/2006,6/20/2007,1,1,5,0,1,1,1,0,0,0,0,0,0,0,0,.,0,.,0,0,0,.,.,.,.,.
Tennessee,6/21/2007,6/24/2007,1,1,5,0,1,1,1,0,0,0,0,0,0,0,0,.,0,.,0,0,0,.,.,.,.,.
Tennessee,6/25/2007,5/13/2008,1,1,5,0,1,1,1,0,0,0,0,0,0,0,0,.,0,.,0,0,0,.,.,.,.,.
Tennessee,5/14/2008,12/31/2009,1,1,5,0,1,1,1,0,0,0,0,0,0,0,0,.,0,.,0,0,0,.,.,.,.,.
Tennessee,1/1/2010,6/30/2011,1,1,5,0,1,1,1,0,0,0,0,0,0,0,0,.,0,.,0,0,0,.,.,.,.,.
Tennessee,7/1/2011,5/9/2012,1,1,5,0,1,1,1,0,0,0,0,0,0,0,0,.,0,.,0,0,0,.,.,.,.,.
Tennessee,5/10/2012,6/11/2012,1,1,3,0,1,1,1,1,0,0,0,0,0,0,0,.,0,.,1,0,1,0,1,0,0,0
Tennessee,6/12/2012,6/30/2012,1,1,3,0,1,1,1,1,0,0,0,0,0,0,0,.,0,.,1,0,1,0,1,0,0,0
Tennessee,7/1/2012,12/31/2012,1,1,3,0,1,1,1,1,0,0,0,0,0,0,0,.,0,.,1,0,1,0,1,0,0,0
Tennessee,1/1/2013,1/3/2013,1,1,3,0,1,1,1,1,0,0,0,0,0,0,0,.,0,.,1,0,1,0,1,0,0,0
Tennessee,1/4/2013,3/31/2013,1,1,3,0,1,1,1,1,0,0,0,0,0,0,0,.,0,.,1,0,1,0,1,0,0,0
Tennessee,4/1/2013,4/18/2013,1,1,3,0,1,1,1,1,0,0,0,0,0,0,1,1,0,.,1,0,1,0,1,0,0,0
Tennessee,4/19/2013,6/30/2013,1,1,3,0,1,1,1,1,0,0,0,0,0,0,1,1,0,.,1,0,1,0,1,0,0,0
Tennessee,7/1/2013,9/30/2013,1,1,3,0,1,1,1,1,0,0,0,0,0,0,1,1,0,.,1,0,1,0,1,0,0,0
Tennessee,10/1/2013,3/15/2014,1,1,3,0,1,1,1,1,0,0,0,0,0,0,1,1,0,.,1,0,1,0,1,0,0,0
Tennessee,3/16/2014,6/30/2014,1,1,3,0,1,1,1,1,0,0,0,0,0,0,1,1,0,.,1,0,1,0,1,0,0,0
Tennessee,7/1/2014,11/23/2014,1,1,3,0,1,1,1,1,0,0,0,0,0,0,1,1,0,.,1,0,1,0,1,0,0,0
Tennessee,11/27/2014,12/31/2015,1,1,3,0,1,1,1,1,0,0,0,0,0,0,1,1,0,.,1,0,1,0,1,0,0,0
Tennessee,1/1/2016,4/26/2016,1,1,2,0,1,1,1,1,0,0,0,0,0,0,1,1,0,.,1,0,1,0,1,0,0,0
Tennessee,4/27/2016,7/1/2016,1,1,2,0,1,1,1,1,0,0,0,0,0,0,1,1,0,.,1,0,1,0,1,0,0,0
Texas,1/1/1998,8/31/1999,1,1,7,0,1,0,0,0,0,0,0,0,0,0,0,.,0,.,0,0,0,.,.,.,.,.
Texas,9/1/1999,7/17/2001,1,1,7,0,1,0,0,0,0,0,0,0,0,0,0,.,0,.,0,0,0,.,.,.,.,.
Texas,7/18/2001,8/31/2001,1,1,7,0,1,0,0,0,0,0,0,0,0,0,0,.,0,.,0,0,0,.,.,.,.,.
Texas,9/1/2001,5/19/2003,1,1,5,0,1,0,0,0,0,0,0,0,0,0,0,.,0,.,0,0,0,.,.,.,.,.
Texas,5/20/2003,8/31/2003,1,1,5,0,1,0,0,0,0,0,0,0,0,0,0,.,0,.,0,0,0,.,.,.,.,.
Texas,9/1/2003,8/31/2005,1,1,5,0,1,0,0,0,0,0,0,0,0,0,0,.,0,.,0,0,0,.,.,.,.,.
Texas,9/1/2005,8/31/2007,1,1,5,0,1,0,0,0,0,0,0,0,0,0,0,.,0,.,0,0,0,.,.,.,.,.
Texas,9/1/2007,8/31/2008,1,1,5,0,1,0,0,0,0,0,0,0,0,0,0,.,0,.,0,0,0,.,.,.,.,.
Texas,9/1/2008,6/18/2009,1,1,5,0,1,1,1,1,0,0,0,0,0,0,0,.,0,.,0,0,0,.,.,.,.,.
Texas,6/19/2009,8/31/2011,1,1,5,0,1,1,1,1,0,0,0,0,0,0,0,.,0,.,0,0,0,.,.,.,.,.
Texas,9/1/2011,5/8/2013,1,1,3,0,1,1,1,1,0,0,0,0,0,0,0,.,0,.,0,0,0,.,.,.,.,.
Texas,5/9/2013,8/31/2013,1,1,3,0,1,1,1,1,0,0,0,0,0,0,0,.,0,.,0,0,0,.,.,.,.,.
Texas,9/1/2013,10/31/2013,1,1,3,0,1,1,1,1,0,0,0,0,0,0,0,.,0,.,0,0,0,.,.,.,.,.
Texas,11/1/2013,12/31/2013,1,1,3,0,1,1,1,1,0,0,0,0,0,0,0,.,0,.,0,0,0,.,.,.,.,.
Texas,1/1/2014,9/6/2014,1,1,3,0,1,1,1,1,0,0,0,0,0,0,0,.,0,.,0,0,0,.,.,.,.,.
Texas,9/7/2014,4/1/2015,1,1,3,0,1,1,1,1,0,0,0,0,0,0,0,.,0,.,0,0,0,.,.,.,.,.
Texas,4/2/2015,6/19/2015,1,1,3,0,1,1,1,1,0,0,0,0,0,0,0,.,0,.,0,0,0,.,.,.,.,.
Texas,6/20/2015,8/31/2015,1,1,3,0,1,1,1,1,0,0,0,0,0,0,0,.,0,.,0,0,0,.,.,.,.,.
Texas,9/1/2015,7/1/2016,1,1,3,0,1,1,1,1,0,0,0,0,0,0,0,.,0,.,0,0,0,.,.,.,.,.
Utah,1/1/1998,5/3/1998,1,1,7,1,1,1,1,1,1,1,1,1,1,0,0,.,0,.,0,0,0,.,.,.,.,.
Utah,5/4/1998,5/2/1999,1,1,7,1,1,1,1,1,1,1,1,1,1,0,0,.,0,.,0,0,0,0,0,0,0,0
Utah,5/3/1999,5/5/2002,1,1,7,1,1,1,1,1,1,1,1,1,1,0,0,.,0,.,0,0,0,0,0,0,0,0
Utah,5/6/2002,5/4/2003,1,1,7,1,1,1,1,1,1,1,1,1,1,0,0,.,0,.,0,0,0,0,0,0,0,0
Utah,5/5/2003,5/2/2004,1,1,7,1,1,1,1,1,1,1,1,1,1,0,0,.,0,.,0,0,0,.,.,.,.,.
Utah,5/3/2004,6/30/2004,1,1,7,1,1,1,1,1,1,1,1,1,1,0,0,.,0,.,0,0,0,0,0,0,0,0
Utah,7/1/2004,5/1/2005,1,1,7,1,1,1,1,1,1,1,1,1,1,0,0,.,0,.,0,0,0,0,0,0,0,0
Utah,5/2/2005,4/30/2006,1,1,7,1,1,1,1,1,1,1,1,1,1,0,0,.,0,.,0,0,0,0,0,0,0,0
Utah,5/1/2006,4/29/2007,1,1,7,1,1,1,1,1,1,1,1,1,1,0,0,.,0,.,0,0,0,0,0,0,0,0
Utah,4/30/2007,6/30/2007,1,1,7,1,1,1,1,1,1,1,1,1,1,0,0,.,0,.,0,0,0,0,0,0,0,0
Utah,7/1/2007,5/4/2008,1,1,7,1,1,1,1,1,1,1,1,1,1,0,0,.,0,.,0,0,0,.,.,.,.,.
Utah,5/5/2008,6/30/2008,1,1,7,1,1,1,1,1,1,1,1,1,1,0,0,.,0,.,0,0,0,0,0,0,0,0
Utah,7/1/2008,5/11/2009,1,1,7,0,1,1,1,1,0,0,0,0,0,0,0,.,0,.,0,0,0,0,0,0,0,0
Utah,5/12/2009,3/21/2010,1,1,7,0,1,1,1,1,0,0,0,0,0,0,0,.,0,.,0,0,0,0,0,0,0,0
Utah,3/22/2010,5/10/2010,1,1,7,0,1,1,1,1,0,0,0,0,0,0,0,.,0,.,0,0,0,0,0,0,0,0
Utah,5/11/2010,6/30/2010,1,1,7,0,1,1,1,1,0,0,0,0,0,0,0,.,0,.,0,0,0,0,0,0,0,0
Utah,7/1/2010,3/15/2011,1,1,7,0,1,1,1,1,0,0,0,0,0,0,0,.,0,.,0,0,0,.,.,.,.,.
Utah,3/16/2011,5/9/2011,1,1,7,0,1,1,1,1,0,0,0,0,0,0,0,.,0,.,0,0,0,0,0,0,0,0
Utah,5/10/2011,6/30/2011,1,1,7,0,1,1,1,1,0,0,0,0,0,0,0,.,0,.,1,0,0,0,0,0,0,0
Utah,7/1/2011,12/31/2011,1,1,7,0,1,1,1,1,0,0,0,0,0,0,0,.,0,.,1,0,0,0,0,0,0,0
Utah,1/1/2012,5/7/2012,1,1,7,0,1,1,1,1,0,0,0,0,0,0,0,.,0,.,1,0,0,.,.,.,.,.
Utah,5/8/2012,11/25/2012,1,1,7,0,1,1,1,1,0,0,0,0,0,0,0,.,0,.,1,0,0,.,.,.,.,.
Utah,11/26/2012,3/11/2013,1,1,7,0,1,1,1,1,0,0,0,0,0,0,0,.,0,.,1,0,0,.,.,.,.,.
Utah,3/12/2013,5/13/2013,1,1,7,0,1,1,1,1,0,0,0,0,0,0,0,.,0,.,1,0,0,.,.,.,.,.
Utah,5/14/2013,5/12/2014,1,1,7,0,1,1,1,1,0,0,0,0,0,0,0,.,0,.,1,0,0,.,.,.,.,.
Utah,5/13/2014,6/30/2014,1,1,7,0,1,1,1,1,0,0,0,0,0,0,0,.,0,.,1,0,0,.,.,.,.,.
Utah,7/1/2014,5/11/2015,1,1,7,0,1,1,1,1,0,0,0,0,0,0,0,.,0,.,1,0,0,.,.,.,.,.
Utah,5/12/2015,6/30/2015,1,1,7,0,1,1,1,1,0,0,0,0,0,0,0,.,0,.,1,0,0,.,.,.,.,.
Utah,7/1/2015,12/31/2015,1,1,7,0,1,1,1,1,0,0,0,0,0,0,0,.,0,.,1,0,0,.,.,.,.,.
Utah,1/1/2016,5/9/2016,1,1,7,0,1,1,1,1,0,0,0,0,0,0,0,.,0,.,1,0,0,.,.,.,.,.
Utah,5/10/2016,7/1/2016,1,1,2,0,1,1,1,1,0,0,0,0,0,0,0,.,0,.,1,0,0,.,.,.,.,.
Vermont,7/1/2006,5/31/2008,1,1,7,0,0,0,0,0,0,1,1,1,0,0,0,.,0,.,0,0,0,.,.,.,.,.
Vermont,6/1/2008,6/30/2008,1,1,3,0,0,0,0,0,0,1,1,1,0,0,0,.,0,.,0,0,0,.,.,.,.,.
Vermont,7/1/2008,6/30/2009,1,1,3,0,0,0,0,0,0,1,1,1,0,0,0,.,0,.,0,0,0,.,.,.,.,.
Vermont,7/1/2009,6/30/2010,1,1,3,0,0,0,0,0,0,1,1,1,0,0,0,.,0,.,0,0,0,.,.,.,.,.
Vermont,7/1/2010,6/30/2012,1,1,3,0,0,0,0,0,0,1,1,1,0,0,0,.,0,.,0,0,0,.,.,.,.,.
Vermont,7/1/2012,6/30/2013,1,1,3,0,0,0,0,0,0,1,1,1,0,0,0,.,0,.,0,0,0,.,.,.,.,.
Vermont,7/1/2013,9/30/2013,1,1,3,0,0,0,0,0,0,1,1,1,0,0,0,.,0,.,1,0,0,.,.,.,.,.
Vermont,10/1/2013,5/19/2015,1,1,3,0,0,0,0,0,0,1,1,1,0,0,0,.,0,.,1,0,1,1,0,0,0,0
Vermont,5/20/2015,5/27/2015,1,1,3,0,0,0,0,0,0,1,1,1,0,0,1,2,0,.,1,0,1,1,0,0,0,0
Vermont,5/28/2015,7/31/2015,1,1,3,0,0,0,0,0,0,1,1,1,0,0,1,2,0,.,1,0,1,1,0,0,0,0
Vermont,8/1/2015,6/7/2016,1,1,3,0,0,0,0,0,0,1,1,1,0,0,1,2,0,.,1,0,1,1,0,0,0,0
Vermont,6/8/2016,6/30/2016,1,1,3,0,0,0,0,0,0,1,1,1,0,0,1,2,0,.,1,0,1,1,0,0,0,0
Vermont,7/1/2016,7/1/2016,1,1,1,0,0,0,0,0,0,1,1,1,0,0,1,2,0,.,1,0,1,1,0,0,0,0
Virginia,7/1/2002,9/9/2003,1,1,7,0,1,0,0,0,0,0,0,0,0,0,0,.,0,.,1,0,0,.,.,.,.,.
Virginia,9/10/2003,6/30/2004,1,1,4,0,1,0,0,0,0,0,0,0,0,0,0,.,0,.,1,0,0,.,.,.,.,.
Virginia,7/1/2004,6/28/2005,1,1,4,0,1,0,0,0,0,0,0,0,0,0,0,.,0,.,1,0,0,.,.,.,.,.
Virginia,6/29/2005,6/30/2005,1,1,4,0,1,0,0,0,0,0,0,0,0,0,0,.,0,.,1,0,0,.,.,.,.,.
Virginia,7/1/2005,7/24/2005,1,1,4,0,1,1,1,0,0,0,0,0,0,0,0,.,0,.,1,0,0,.,.,.,.,.
Virginia,7/25/2005,6/30/2006,1,1,4,0,1,1,1,0,0,0,0,0,0,0,0,.,0,.,1,0,0,.,.,.,.,.
Virginia,7/1/2006,7/24/2006,1,1,4,0,1,1,1,0,0,0,0,0,0,0,0,.,0,.,1,0,0,.,.,.,.,.
Virginia,7/25/2006,8/22/2006,1,1,4,0,1,1,1,0,0,0,0,0,0,0,0,.,0,.,1,0,0,.,.,.,.,.
Virginia,8/23/2006,3/15/2009,1,1,4,0,1,1,1,0,0,0,0,0,0,0,0,.,0,.,1,0,0,.,.,.,.,.
Virginia,3/16/2009,6/30/2009,1,1,4,0,1,1,1,0,0,0,0,0,0,0,0,.,0,.,1,0,0,.,.,.,.,.
Virginia,7/1/2009,6/30/2011,1,1,4,0,1,1,1,0,0,0,0,0,0,0,0,.,0,.,1,0,0,.,.,.,.,.
Virginia,7/1/2011,9/30/2011,1,1,4,0,1,1,1,0,0,0,0,0,0,0,0,.,0,.,1,0,0,.,.,.,.,.
Virginia,7/1/2012,6/30/2013,1,1,4,0,1,1,1,0,0,0,0,0,0,0,0,.,0,.,1,0,1,0,1,0,0,0
Virginia,7/1/2013,6/30/2014,1,1,4,0,1,1,1,0,0,0,0,0,0,0,0,.,0,.,1,0,1,0,1,0,0,0
Virginia,7/1/2014,11/13/2014,1,1,3,0,1,1,1,0,0,0,0,0,0,0,0,.,0,.,1,0,1,0,1,0,0,0
Virginia,11/14/2014,6/30/2015,1,1,3,0,1,1,1,0,0,0,0,0,0,0,0,.,0,.,1,0,1,0,1,0,0,0
Virginia,7/1/2015,12/31/2015,1,1,3,0,1,1,1,0,0,0,0,0,0,0,1,2,0,.,1,0,1,0,1,0,0,0
Virginia,1/1/2016,6/30/2016,1,1,3,0,1,1,1,0,0,0,0,0,0,0,1,2,0,.,1,0,1,0,1,0,0,0
Virginia,7/1/2016,7/1/2016,1,1,3,0,1,1,1,0,0,0,0,0,0,0,1,2,0,.,1,0,1,0,1,0,0,0
Washington,7/22/2007,6/30/2011,1,1,7,0,1,1,1,1,0,0,0,0,0,0,0,.,0,.,1,0,0,.,.,.,.,.
Washington,7/1/2011,8/26/2011,1,1,7,0,1,1,1,1,0,0,0,0,0,0,0,.,0,.,1,0,0,.,.,.,.,.
Washington,8/27/2011,6/6/2012,1,1,3,0,1,1,1,1,0,0,0,0,0,0,0,.,0,.,1,0,1,0,0,1,0,0
Washington,6/7/2012,6/27/2013,1,1,3,0,1,1,1,1,0,0,0,0,0,0,0,.,0,.,1,0,1,0,0,1,0,0
Washington,6/28/2013,7/27/2013,1,1,3,0,1,1,1,1,0,0,0,0,0,0,0,.,0,.,1,0,1,0,0,1,0,0
Washington,7/28/2013,4/17/2014,1,1,3,0,1,1,1,1,0,0,0,0,0,0,0,.,0,.,1,0,1,0,0,1,0,0
Washington,4/18/2014,7/23/2015,1,1,3,0,1,1,1,1,0,0,0,0,0,0,0,.,0,.,1,0,1,0,0,1,0,0
Washington,7/24/2015,6/8/2016,1,1,3,0,1,1,1,1,0,0,0,0,0,0,0,.,0,.,1,0,1,0,0,1,0,0
Washington,6/9/2016,7/1/2016,1,1,3,0,1,1,1,1,0,0,0,0,0,0,0,.,0,.,1,0,1,0,0,1,0,0
West Virginia,1/1/1998,8/31/2002,1,1,5,0,1,0,0,0,0,0,0,0,0,0,0,.,0,.,0,0,0,.,.,.,.,.
West Virginia,9/1/2002,6/22/2003,1,1,3,0,1,1,1,0,0,0,0,0,0,0,0,.,0,.,0,0,0,.,.,.,.,.
West Virginia,6/23/2003,6/10/2004,1,1,3,0,1,1,1,0,0,0,0,0,0,0,0,.,0,.,0,0,0,.,.,.,.,.
West Virginia,6/11/2004,7/7/2005,1,1,3,0,1,1,1,0,0,0,0,0,0,0,0,.,0,.,0,0,0,.,.,.,.,.
West Virginia,7/8/2005,6/2/2010,1,1,3,0,1,1,1,0,0,0,0,0,0,0,0,.,0,.,0,0,0,.,.,.,.,.
West Virginia,6/3/2010,6/8/2010,1,1,3,0,1,1,1,0,0,0,0,0,0,0,0,.,0,.,0,0,0,.,.,.,.,.
West Virginia,6/9/2010,4/11/2011,1,1,3,0,1,1,1,0,0,0,0,0,0,0,0,.,0,.,0,0,0,.,.,.,.,.
West Virginia,4/12/2011,6/30/2011,1,1,3,0,1,1,1,0,0,0,0,0,0,0,0,.,0,.,0,0,0,.,.,.,.,.
West Virginia,7/1/2011,6/7/2012,1,1,3,0,1,1,1,0,0,0,0,0,0,0,0,.,0,.,0,0,0,.,.,.,.,.
West Virginia,6/8/2012,6/9/2013,1,1,3,0,1,1,1,0,0,0,0,0,0,0,1,2,1,2,0,0,0,.,.,.,.,.
West Virginia,6/10/2013,5/29/2014,1,1,1,0,1,1,1,0,0,0,0,0,0,0,1,2,1,2,0,0,0,.,.,.,.,.
West Virginia,5/30/2014,6/5/2014,1,1,1,0,1,1,1,0,0,0,0,0,0,0,1,2,1,2,0,0,0,.,.,.,.,.
West Virginia,6/6/2014,5/16/2015,1,1,1,0,1,1,1,0,0,0,0,0,0,0,1,2,1,2,0,0,0,.,.,.,.,.
West Virginia,5/17/2015,6/9/2015,1,1,1,0,1,1,1,0,0,0,0,0,0,0,1,2,1,2,0,0,0,.,.,.,.,.
West Virginia,6/10/2015,6/9/2016,1,1,1,0,1,1,1,0,0,0,0,0,0,0,1,2,1,2,0,0,0,.,.,.,.,.
West Virginia,6/10/2016,7/1/2016,1,1,1,0,1,1,1,0,0,0,0,0,0,0,1,2,1,2,0,0,0,.,.,.,.,.
Wisconsin,6/2/2010,12/31/2010,1,1,3,0,1,0,0,0,0,0,0,0,0,0,0,.,0,.,0,0,0,.,.,.,.,.
Wisconsin,1/1/2011,6/30/2011,1,1,3,0,1,0,0,0,0,0,0,0,0,0,0,.,0,.,0,0,0,.,.,.,.,.
Wisconsin,7/1/2011,4/11/2012,1,1,3,0,1,0,0,0,0,0,0,0,0,0,0,.,0,.,0,0,0,.,.,.,.,.
Wisconsin,4/12/2012,4/19/2012,1,1,3,0,1,1,1,1,0,0,0,0,0,0,0,.,0,.,0,0,0,.,.,.,.,.
Wisconsin,4/20/2012,12/31/2012,1,1,3,0,1,1,1,1,0,0,0,0,0,0,0,.,0,.,0,0,0,.,.,.,.,.
Wisconsin,1/1/2013,3/27/2013,1,1,3,0,1,1,1,1,0,0,0,0,0,0,0,.,0,.,0,0,1,1,0,1,0,0
Wisconsin,3/28/2013,7/1/2013,1,1,3,0,1,1,1,1,0,0,0,0,0,0,0,.,0,.,0,0,1,1,0,1,0,0
Wisconsin,7/2/2013,1/24/2014,1,1,3,0,1,1,1,1,0,0,0,0,0,0,0,.,0,.,0,0,1,1,0,1,0,0
Wisconsin,1/25/2014,2/28/2014,1,1,3,0,1,1,1,1,0,0,0,0,0,0,0,.,0,.,0,0,1,1,0,1,0,0
Wisconsin,3/1/2014,3/28/2014,1,1,3,0,1,1,1,1,0,0,0,0,0,0,0,.,0,.,0,0,1,1,0,1,0,0
Wisconsin,3/29/2014,4/8/2014,1,1,3,0,1,1,1,1,0,0,0,0,0,0,0,.,0,.,0,0,1,1,0,1,0,0
Wisconsin,4/9/2014,4/17/2014,1,1,3,0,1,1,1,1,0,0,0,0,0,0,0,.,0,.,0,0,1,1,0,1,0,0
Wisconsin,4/18/2014,7/31/2014,1,1,3,0,1,1,1,1,0,0,0,0,0,0,0,.,0,.,0,0,1,1,0,1,0,0
Wisconsin,8/1/2014,8/31/2014,1,1,3,0,1,1,1,1,0,0,0,0,0,0,0,.,0,.,0,0,1,1,0,1,0,0
Wisconsin,9/1/2014,6/30/2015,1,1,3,0,1,1,1,1,0,0,0,0,0,0,0,.,0,.,0,0,1,1,0,1,0,0
Wisconsin,7/1/2015,7/2/2015,1,1,3,0,1,1,1,1,0,0,0,0,0,0,0,.,0,.,0,0,1,1,0,1,0,0
Wisconsin,7/3/2015,7/13/2015,1,1,3,0,0,0,1,1,0,1,1,1,1,0,0,.,0,.,0,0,1,1,0,1,0,0
Wisconsin,7/14/2015,9/30/2015,1,1,3,0,0,0,1,1,0,1,1,1,1,0,0,.,0,.,0,0,1,1,0,1,0,0
Wisconsin,10/1/2015,12/9/2015,1,1,3,0,0,0,1,1,0,1,1,1,1,0,0,.,0,.,0,0,1,1,0,1,0,0
Wisconsin,12/10/2015,3/18/2016,1,1,3,0,0,0,1,1,0,1,1,1,1,0,0,.,0,.,0,0,1,1,0,1,0,0
Wisconsin,3/19/2016,4/30/2016,1,1,3,0,0,0,1,1,0,1,1,1,1,0,0,.,0,.,0,0,1,1,0,1,0,0
Wisconsin,5/1/2016,5/31/2016,1,1,3,0,0,0,1,1,0,1,1,1,1,0,0,.,0,.,0,0,1,1,0,1,0,0
Wisconsin,6/1/2016,6/30/2016,1,1,3,0,0,0,1,1,0,1,1,1,1,0,0,.,0,.,0,0,1,1,0,1,0,0
Wisconsin,7/1/2016,7/1/2016,1,1,3,0,0,0,1,1,0,1,1,1,1,0,0,.,0,.,0,0,1,1,0,1,0,0
Wyoming,7/1/2003,11/11/2003,1,1,7,0,1,1,1,0,0,0,0,0,0,0,0,.,.,.,0,0,0,.,.,.,.,.
Wyoming,11/12/2003,3/1/2004,1,1,4,0,1,1,1,0,0,0,0,0,0,0,0,.,0,.,0,0,0,.,.,.,.,.
Wyoming,3/2/2004,3/9/2005,1,1,4,0,1,1,1,0,0,0,0,0,0,0,0,.,0,.,0,0,0,.,.,.,.,.
Wyoming,3/10/2005,12/12/2005,1,1,4,0,1,1,1,0,0,0,0,0,0,0,0,.,0,.,0,0,0,.,.,.,.,.
Wyoming,12/13/2005,12/30/2007,1,1,4,0,1,1,1,0,0,0,0,0,0,0,0,.,0,.,0,0,0,.,.,.,.,.
Wyoming,12/31/2007,2/23/2009,1,1,4,0,1,1,1,0,0,0,0,0,0,0,0,.,0,.,0,0,0,.,.,.,.,.
Wyoming,2/24/2009,6/30/2009,1,1,4,0,1,1,1,0,0,0,0,0,0,0,0,.,0,.,0,0,0,.,.,.,.,.
Wyoming,7/1/2009,6/30/2011,1,1,3,0,1,1,1,0,0,0,0,0,0,0,0,.,0,.,0,0,0,.,.,.,.,.
Wyoming,7/1/2011,7/5/2011,1,1,3,0,1,1,1,0,0,0,0,0,0,0,0,.,0,.,0,0,0,.,.,.,.,.
Wyoming,7/6/2011,1/15/2014,1,1,3,0,1,1,1,0,0,0,0,0,0,0,0,.,0,.,0,0,0,.,.,.,.,.
Wyoming,1/16/2014,6/30/2015,1,1,3,0,1,1,1,0,0,0,0,0,0,0,0,.,0,.,0,0,0,.,.,.,.,.
Wyoming,7/1/2015,12/31/2015,1,1,3,0,1,1,1,0,0,0,0,0,0,0,0,.,0,.,0,0,0,.,.,.,.,.
Wyoming,1/1/2016,7/1/2016,1,1,2,0,1,1,1,0,0,0,0,0,0,0,0,.,0,.,0,0,0,.,.,.,.,.
